staging_file,largest_variant_bytes,type,alt_texts,used_on_pages,upload_url_guess
1181504_custom_site_themes_id_bzIUE4jRKy3PIhzujoI7_6.png,697124,image/png,Foundation Course 2: Biocomplete™ Compost,"/, /programs-carousel-preview/, /programs-overview/",
1181504_custom_site_themes_id_o0QkYPRBTyujGFmi9M6p_thinkific-images-5.png,586598,image/png,BioComplete™ Compost Production,"/, /programs-carousel-preview/, /programs-overview/",
2-dirty-hands.jpg,92244,image/jpeg,Foundation Course 1: Introduction to the Soil Food Web|Foundation Course 3: BioComplete™ Liquid Amendments|Foundation Course 4: Microscopy,"/, /programs-carousel-preview/, /programs-overview/",
2.jpg,208359,image/jpeg,Retirement Announcement: Dr. Elaine Ingham,"/about-us/, /news/, /retirement-announcement-dr-elaine-ingham/, /soil-food-web-advanced-programs-reopen-2026/, /soil-food-web-foundation-launches-as-nonprofit-to-carry-forward-dr-elaine-inghams-legacy/, /volunteer/",
20220323_SUN_0209-e_web.jpg,96263,image/jpeg,Sadhguru on the move...,/sadhguru-and-the-soil-food-web/,
20220510_XXX_0010-e_web.jpg,13940,image/jpeg,Sadhguru - COP 15 2022,/sadhguru-and-the-soil-food-web/,
2024USCCTue067.jpg,52932,image/jpeg,,/sfw-directory/,
2025-year-in-review-Elaine-scaled-1.jpg,611702,image/jpeg,"2025 in Review: A time of transition – honoring our founder and guiding spirit, building stronger community, and preparing for a bright future|Mini Foundation Course","/, /2025-in-review-a-time-of-transition-honoring-our-founder-and-guiding-spirit-building-stronger-community-and-preparing-for-a-bright-future/, /a-blueprint-to-return-to-the-garden-of-eden/, /celebrating-world-soil-day-2024/, /exploring-soil-food-web-innovations-in-west-africa/, /news/, /obituary-for-dr-elaine-ingham/, /october-2025-newsletter/, /programs-carousel-preview/, /programs-overview/, /sadhguru-and-the-soil-food-web/, /soil-food-web-school-first-permaculture-design-certificate-course/, /student-profile-su-kahumbu-stephanou/, /unconditional-freedom-at-home-and-in-the-world/",
2025-year-in-review-Gerald.jpg,20708,image/jpeg,,/2025-in-review-a-time-of-transition-honoring-our-founder-and-guiding-spirit-building-stronger-community-and-preparing-for-a-bright-future/,
2025-year-in-review-microscopy.jpg,21048,image/jpeg,,/2025-in-review-a-time-of-transition-honoring-our-founder-and-guiding-spirit-building-stronger-community-and-preparing-for-a-bright-future/,
20251122_154218.jpg,90820,image/jpeg,,/find-a-professional/,
6.jpg,42877,image/jpeg,,/how-it-works/,
7.jpg,36845,image/jpeg,,/how-it-works/,
8.jpg,39113,image/jpeg,,/how-it-works/,
9.jpg,43033,image/jpeg,,/how-it-works/,
Amanda-Currue-Headshot.jpg,54262,image/jpeg,,/sfw-directory/,
BLOG-POSTS-HEADERS-2.jpg,168462,image/jpeg,Soil Food Web Foundation Launches as Nonprofit to Carry Forward Dr. Elaine Ingham’s Legacy,"/news/, /retirement-announcement-dr-elaine-ingham/, /scholarship/, /soil-food-web-advanced-programs-reopen-2026/, /soil-food-web-foundation-launches-as-nonprofit-to-carry-forward-dr-elaine-inghams-legacy/, /soil-food-web-school-first-permaculture-design-certificate-course/",
Bellbrae-Garlic-SXC.png,48479,image/png,,/sfw-directory/,
CIC-4.png,3900718,image/png,,"/calendar-event/compost-intensive-course-2027-cohort-1/, /calendar-event/compost-intensive-course-2027-cohort-2/",
Copy-of-5-December-2024-Presentation-1.png,1103343,image/png,Celebrating World Soil Day 2024,"/celebrating-world-soil-day-2024/, /news/page/2/, /obituary-for-dr-elaine-ingham/",
Daniel-Tyrkiel-adam-swam-Presentation.png,4402354,image/png,🌱 Join the Free Webinar Series: A Living Legacy — The Science of the Soil Food Web,"/help-us-celebrate-food-knowledge-and-culture-in-sacramento-this-september/, /join-the-free-webinar-series-a-living-legacy-the-science-of-the-soil-food-web/, /news/, /soil-health-week-2025-wild-soils-uk-and-trashit-bring-the-soil-food-web-approach-to-pakistan/",
DougAtMicroscope5_0302241.jpg,77659,image/jpeg,,/sfw-directory/,
E1D21418-50E6-40D9-938E-EB3A91A15357.jpg,19005,image/jpeg,,/unconditional-freedom-at-home-and-in-the-world/,
Elaine-Ceremonial-Compost-Group-Photo-scaled-1.jpg,1435775,image/jpeg,Obituary for Dr. Elaine Ingham,"/, /ciliates-soil-health-microscope-watermelon-crop/, /news/, /obituary-for-dr-elaine-ingham/, /templates/",
Elaine-with-Microcope-cropped.jpg,14670,image/jpeg,,/2025-in-review-a-time-of-transition-honoring-our-founder-and-guiding-spirit-building-stronger-community-and-preparing-for-a-bright-future/,
Eric-Feiler-4.png,1548090,image/png,The Soil Food Web Welcomes a New Board Member – Eric Feiler,"/news/, /soil-food-web-foundation-welcomes-eric-feiler/, /templates/",
Gerald.jpg,166619,image/jpeg,,"/about-us/, /team-member/gerald-ramirez/, /team/",
Group-Yoga.png,75855,image/png,,/unconditional-freedom-at-home-and-in-the-world/,
Head-Shot-for-SFWS-5-22.jpg,74510,image/jpeg,,/find-a-professional/,
Head-Shot.jpg,46285,image/jpeg,,/sfw-directory/,
How-A-Rare-Microscope-Sighting-1400x1400-1.png,507111,image/png,"Dispatches from the living soil|How A Rare Microscope Sighting Helps Deduce The Problem With Unhealthy Soil: Ciliates, Cysts, and the Clues Hiding in a Struggling Watermelon Crop","/, /news/, /news/page/2/, /templates/",
How-A-Rare-Microscope-Sighting-Desktop-Header-1920×720-scaled.png,751780,image/png,"How A Rare Microscope Sighting Helps Deduce The Problem With Unhealthy Soil: Ciliates, Cysts, and the Clues Hiding in a Struggling Watermelon Crop",/ciliates-soil-health-microscope-watermelon-crop/,
IMG_3426-1-scaled.jpg,1332182,image/jpeg,,"/calendar-event/aw-new-mexico-usa-2027/, /calendar-event/sfw-turns-one/",
IMG_7191.jpg,105766,image/jpeg,,/sfw-directory/,
IMG_8378.jpg,35742,image/jpeg,,/find-a-professional/,
IMG_9962.jpg,64549,image/jpeg,,/find-a-professional/,
JG.jpg,5159,image/jpeg,,/find-a-professional/,
John.png,34458,image/png,,/unconditional-freedom-at-home-and-in-the-world/,
JosefinaBergsten.jpg,187633,image/jpeg,,/find-a-professional/,
Masthead-Images-2742-by-1202-pixels-scaled-1.jpg,146691,image/jpeg,Harnessing Ernst Gotch’s Agroecological Wisdom: A Blueprint to Return to The Garden of Eden,"/news/page/2/, /soil-food-web-foundation-welcomes-eric-feiler/",
Microscope-Avatar.jpg,72534,image/jpeg,,/sfw-directory/,
Newsletter-OCT2025-Collage-Presentation.jpg,509826,image/jpeg,October 2025 – Newsletter,"/2025-in-review-a-time-of-transition-honoring-our-founder-and-guiding-spirit-building-stronger-community-and-preparing-for-a-bright-future/, /a-blueprint-to-return-to-the-garden-of-eden/, /celebrating-world-soil-day-2024/, /exploring-soil-food-web-innovations-in-west-africa/, /news/, /october-2025-newsletter/, /sadhguru-and-the-soil-food-web/, /student-profile-su-kahumbu-stephanou/, /unconditional-freedom-at-home-and-in-the-world/",
PD-Cohort-1-Launches.png,169164,image/png,The Soil Food Web School Launches Its First-Ever Permaculture Design Certificate Course — A Milestone Moment for Regenerative Education,"/, /2025-in-review-a-time-of-transition-honoring-our-founder-and-guiding-spirit-building-stronger-community-and-preparing-for-a-bright-future/, /a-blueprint-to-return-to-the-garden-of-eden/, /celebrating-world-soil-day-2024/, /exploring-soil-food-web-innovations-in-west-africa/, /news/, /october-2025-newsletter/, /retirement-announcement-dr-elaine-ingham/, /sadhguru-and-the-soil-food-web/, /soil-food-web-advanced-programs-reopen-2026/, /soil-food-web-foundation-launches-as-nonprofit-to-carry-forward-dr-elaine-inghams-legacy/, /student-profile-su-kahumbu-stephanou/, /templates/, /unconditional-freedom-at-home-and-in-the-world/",
PDC-Cohort-1-Launches-1.png,123606,image/webp,The Soil Food Web School Launches Its First-Ever Permaculture Design Certificate Course — A Milestone Moment for Regenerative Education,/soil-food-web-school-first-permaculture-design-certificate-course/,
PDC-Community-3.png,1706863,image/png,,"/calendar-event/permaculture-design-certificate-2026-cohort-3/, /calendar-event/permaculture-design-certificate-2027-cohort-1/, /calendar-event/permaculture-design-certificate-2027-cohort-2/",
Phili-Bartons-Syntropic-Forest-Background-Masthead-Images-2742-by-1202-pixels-scaled.jpg,607572,image/jpeg,Harnessing Ernst Gotch’s Agroecological Wisdom: A Blueprint to Return to The Garden of Eden,/a-blueprint-to-return-to-the-garden-of-eden/,
SFW-Foundation-Header.png,125773,image/png,Soil Food Web School Advanced Programs Are Reopening!,"/, /news/, /retirement-announcement-dr-elaine-ingham/, /soil-food-web-advanced-programs-reopen-2026/, /soil-food-web-foundation-launches-as-nonprofit-to-carry-forward-dr-elaine-inghams-legacy/, /soil-food-web-foundation-welcomes-eric-feiler/, /soil-food-web-school-first-permaculture-design-certificate-course/, /templates/",
Screenshot-2023-04-26-at-4.58.18-PM.png,245304,image/png,,/find-a-professional/,
Screenshot-2025-02-05-at-5.18.21-PM.png,2848010,image/png,Organic farmer Su Kahumbu Stephanou of iCow visits with a cow.|Student Profile: Su Kahumbu Stephanou,"/2025-in-review-a-time-of-transition-honoring-our-founder-and-guiding-spirit-building-stronger-community-and-preparing-for-a-bright-future/, /news/page/2/, /october-2025-newsletter/, /student-profile-su-kahumbu-stephanou/",
Screenshot-2025-10-22-212600.jpg,160441,image/jpeg,Soil Health Week 2025: Wild Soils UK and TrashIt Bring the Soil Food Web Approach to Pakistan,"/help-us-celebrate-food-knowledge-and-culture-in-sacramento-this-september/, /join-the-free-webinar-series-a-living-legacy-the-science-of-the-soil-food-web/, /news/, /soil-food-web-foundation-welcomes-eric-feiler/, /soil-health-week-2025-wild-soils-uk-and-trashit-bring-the-soil-food-web-approach-to-pakistan/",
Screenshot-2026-06-16-172957.png,1174670,image/png,,"/about-us/, /team-member/loida-vasquez/, /team/",
Screenshot-2026-09-17-171937.png,214498,image/png,,/about-us/,
Screenshot-2026-09-17-171946.png,312323,image/png,,/about-us/,
Screenshot-2026-09-17-171953.png,269493,image/png,,/about-us/,
Screenshot-2026-09-17-172024.png,242756,image/png,,/about-us/,
Screenshot-2026-09-17-172507.png,1017942,image/webp,,/how-it-works/,
Screenshot-2026-09-17-173253.png,183608,image/webp,,/how-it-works/,
Screenshot-2026-09-29-161820.png,2473417,image/png,,/,
Terra-Madre-Americas-2-scaled-1.jpg,407549,image/jpeg,"Help us celebrate food, knowledge and culture in Sacramento this September","/ciliates-soil-health-microscope-watermelon-crop/, /help-us-celebrate-food-knowledge-and-culture-in-sacramento-this-september/, /join-the-free-webinar-series-a-living-legacy-the-science-of-the-soil-food-web/, /news/, /obituary-for-dr-elaine-ingham/, /soil-health-week-2025-wild-soils-uk-and-trashit-bring-the-soil-food-web-approach-to-pakistan/",
Terra-Madre-Americas.jpg,24602,image/jpeg,,/help-us-celebrate-food-knowledge-and-culture-in-sacramento-this-september/,
Thomas_Schneider.jpg,18875,image/jpeg,,/sfw-directory/,
Todd-at-truck-consultants-page-e1675876699300-500x383-1.jpg,35650,image/jpeg,Marcus Thorne,"/find-a-professional/, /scholarship/, /testimonial/marcus-thorne/",
Video-Thumbnails-5.jpg,42865,image/jpeg,,/how-it-works/,
Wes-Sander-headshot.jpg,45223,image/jpeg,David Vance,"/scholarship/, /testimonial/david-vance/",
actively-aerated-compost-tea-brew-vessels.webp,58516,image/webp,Learn the Art and Science of Biological Liquid Amendments,"/, /programs-carousel-preview/, /programs-overview/",
alex.jpg,22711,image/jpeg,,"/about-us/, /team-member/alex-andreou/, /team/",
aysen.png,1664083,image/png,,"/about-us/, /team-member/aysen-ustunay/, /team/",
brian.png,854513,image/png,,"/about-us/, /team-member/brian-daubenspeck/, /team/",
carla.jpg,48934,image/jpeg,,"/about-us/, /team-member/dr-carla-ribeiro-machado-e-portugal/, /team/",
casey.png,623447,image/png,,"/about-us/, /team-member/casey-williams/, /team/",
comercial-116.jpg,56762,image/jpeg,,/sfw-directory/,
ctpfw-student-moving-compost-1.jpg,178566,image/jpeg,Amara Okafor,"/calendar/, /scholarship/, /testimonial/amara-okafor/",
ctpfw-student-squeezing-compost-1.jpg,91669,image/jpeg,John Doe|Workshops,"/, /programs-carousel-preview/, /programs-overview/, /scholarship/, /testimonial/john-doe/",
delvin.png,933046,image/png,,"/about-us/, /team-member/delvin-solkinson/, /team/",
directory-profile-1172_cd2869dfb9a640dba76a00601ba33430.png,189652,image/png,,/find-a-professional/,
directory-profile-1353_c8c07fa7d23345f4864f6bfe9181343e.jpeg,135462,image/jpeg,,/sfw-directory/,
directory-profile-1379_1c33b437a85442ae8cf2b2dbeea0efb6.jpg,157291,image/jpeg,,/find-a-professional/,
dora.png,831205,image/png,,"/about-us/, /team-member/dora-tkalec/, /team/",
elaine-flower-shirt-microscope.jpg,97261,image/jpeg,,/programs-overview/,
elaine-smile-talking-800.jpg,55825,image/jpeg,Yuki Tanaka,"/, /scholarship/, /testimonial/yuki-tanaka/",
elaine.jpg,25473,image/jpeg,,"/about-us/, /team-member/dr-elaine-ingham/, /team/",
elena.jpg,61526,image/jpeg,,"/about-us/, /team-member/elena-kalli/, /team/",
erc-panchamana-treeplanting-2-fb-img-1666270988322.jpg,198862,image/jpeg,Introduction to Ecosystem Restoration : Module 1|Introduction to Ecosystem Restoration : Module 3|Introduction to Ecosystem Restoration : Module 4,"/, /programs-carousel-preview/, /programs-overview/",
erc-rancho-cacachilas-agro8.jpg,132997,image/jpeg,Permaculture Design Certification,"/, /programs-carousel-preview/, /programs-overview/",
eric.png,917553,image/png,,"/about-us/, /team-member/eric-feiler/, /team/",
evan.png,652436,image/png,,"/about-us/, /team-member/evan-buckman/, /team/",
forests.jpg,132967,image/jpeg,Introduction to Ecosystem Restoration : Module 2,"/, /programs-carousel-preview/, /programs-overview/",
foto-de-perfil.jpg,10989,image/jpeg,,/find-a-professional/,
garden-vegetable-beds.jpg,636435,image/jpeg,,/practice/,
grass-soil.jpg,162416,image/jpeg,,/,
handling-loose-soil.jpg,205764,image/jpeg,,"/, /about-us/",
ib.png,1424288,image/png,,"/about-us/, /team-member/ib-borup-pedersen/, /team/",
isadora.png,1015334,image/png,Advanced Field Trial,"/, /about-us/, /programs-carousel-preview/, /programs-overview/, /team-member/isadora-shmidt/, /team/",
jenna.png,272346,image/png,,"/about-us/, /team-member/jenna-noel/, /team/",
leslie.png,251008,image/webp,,"/about-us/, /team-member/leslie-w-lewis-ph-d/, /team/",
mar-group-photo-2.jpg,643114,image/jpeg,,/community/,
mar25-group-photo-rotated.jpg,374745,image/jpeg,,/community/,
matt-alaniz-G8Fy93Jwfl8-unsplash.jpg,209321,image/jpeg,,/donations/,
megan.jpeg,78579,image/jpeg,,/sfw-directory/,
nick.png,461504,image/png,,"/about-us/, /team-member/nick-padwick/, /team/",
on-the-tundra.jpeg,73626,image/jpeg,,/find-a-professional/,
pile-turning-wes-8-scaled.jpg,843075,image/jpeg,,/calendar-event/aw-costa-rica-2027/,
pranjal.png,179673,image/png,,"/about-us/, /team-member/pranjal-rajput/, /team/",
red-soil-hand.jpg,340474,image/jpeg,,/practice/,
sammie.jpg,133855,image/jpeg,,"/about-us/, /team-member/sammie-bass/, /team/",
seedlingsJPG.jpg,18870,image/jpeg,,/unconditional-freedom-at-home-and-in-the-world/,
soil-sample-shovel-and-bag-1.jpg,251375,image/jpeg,,/publications/,
soil-sampling-salamanca-iii.jpg,135470,image/jpeg,,/sfw-directory/,
stephanie.png,532826,image/webp,,"/about-us/, /team-member/stephanie-mcdaniel/, /team/",
test-tubes-with-sample.jpg,68691,image/jpeg,Soil Microscopy,"/, /programs-carousel-preview/, /programs-overview/",
the-soil-food-web.jpg,36564,image/jpeg,,/how-it-works/,
wes.png,710042,image/png,,"/about-us/, /team-member/wesley-sander/, /team/",
