wordpress_page_url,section_heading,slot,file_name,alt_text,caption,recommended_size_px
https://new.soilfoodweb.com/,Join a global community of Soil Regenerators,hero,home/home - Join a global community of Soil Regenerators - hero.jpg,A man in a bucket hat and a laughing woman working a wire compost cage with a pitchfork,,1204 x 712 (shown at 602 x 356 on a 1440 px screen)
https://new.soilfoodweb.com/,A Foundation built on living soil,side image 1,home/home - A Foundation built on living soil - side image 1.jpg,Dr. Elaine Ingham smiling as she talks at an outdoor table,,1204 x 1010 (shown at 602 x 505 on a 1440 px screen)
https://new.soilfoodweb.com/,Partner with nature's intelligence,tile 1 (Observe and assess),home/home - Partner with nature's intelligence - tile 1 (Observe and assess).jpg,"A microscope with a camera attached, on a wooden desk in front of a sunny window",,594 x 792 (shown at 297 x 396 on a 1440 px screen)
https://new.soilfoodweb.com/,Partner with nature's intelligence,tile 2 (Incubate the biology),home/home - Partner with nature's intelligence - tile 2 (Incubate the biology).jpg,"A yellow backhoe and trailer beside a long, steaming compost windrow, a man standing at the far end, pine forest behind",,594 x 792 (shown at 297 x 396 on a 1440 px screen)
https://new.soilfoodweb.com/,Partner with nature's intelligence,tile 3 (Multiply and apply),home/home - Partner with nature's intelligence - tile 3 (Multiply and apply).jpg,A man stirring compost in a large plastic tote fitted with a stainless steel brewing rig,,594 x 792 (shown at 297 x 396 on a 1440 px screen)
https://new.soilfoodweb.com/,Partner with nature's intelligence,tile 4 (Manage and monitor holistically),home/home - Partner with nature's intelligence - tile 4 (Manage and monitor holistically).jpg,A man in a blue jacket and knit hat pushing a probe thermometer into a dark compost pile,,594 x 792 (shown at 297 x 396 on a 1440 px screen)
https://new.soilfoodweb.com/,Customize your learning path according to your needs and goals,card 1 (Foundation Courses),home/home - Customize your learning path according to your needs and goals - card 1 (Foundation Courses).jpg,"A curved, transparent nematode among scattered soil particles seen under a microscope","Bacterial-feeding nematode, 40x. Photo: Talbot Armstrong",708 x 472 (shown at 354 x 236 on a 1440 px screen)
https://new.soilfoodweb.com/,Customize your learning path according to your needs and goals,card 2 (Complete Practicum),home/home - Customize your learning path according to your needs and goals - card 2 (Complete Practicum).jpg,"A woman in a cap and blue T-shirt smiling as she writes on a clipboard, with compost piles behind",,708 x 472 (shown at 354 x 236 on a 1440 px screen)
https://new.soilfoodweb.com/,Customize your learning path according to your needs and goals,card 3 (Soil Microscopy),home/home - Customize your learning path according to your needs and goals - card 3 (Soil Microscopy).jpg,Test tubes of liquid samples in a rack beside a microscope,,708 x 472 (shown at 354 x 236 on a 1440 px screen)
https://new.soilfoodweb.com/,Customize your learning path according to your needs and goals,card 4 (BioComplete™ Compost Production),home/home - Customize your learning path according to your needs and goals - card 4 (BioComplete™ Compost Production).jpg,A person in a wide-brimmed hat inspecting blue barrels of compost feedstock,,708 x 472 (shown at 354 x 236 on a 1440 px screen)
https://new.soilfoodweb.com/,Customize your learning path according to your needs and goals,card 5 (Compost Intensive Course),home/home - Customize your learning path according to your needs and goals - card 5 (Compost Intensive Course).jpg,A woman forking wet plant material into a wire compost bin while a gloved hand sprays it with a hose,,708 x 472 (shown at 354 x 236 on a 1440 px screen)
https://new.soilfoodweb.com/,Customize your learning path according to your needs and goals,card 6 (Learn the Art and Science of Biological Liqui),home/home - Customize your learning path according to your needs and goals - card 6 (Learn the Art and Science of Biological Liqui).jpg,Three white buckets of dark brewing compost tea with aerators and a cloth bag of compost,,708 x 472 (shown at 354 x 236 on a 1440 px screen)
https://new.soilfoodweb.com/,Customize your learning path according to your needs and goals,card 7 (Advanced Field Trial),home/home - Customize your learning path according to your needs and goals - card 7 (Advanced Field Trial).jpg,A woman kneeling between vineyard rows with a soil probe,,708 x 472 (shown at 354 x 236 on a 1440 px screen)
https://new.soilfoodweb.com/,Customize your learning path according to your needs and goals,card 8 (Workshops),home/home - Customize your learning path according to your needs and goals - card 8 (Workshops).jpg,People in gloves reaching into an open compost pile in a wire bin while others stand behind with tools,,708 x 472 (shown at 354 x 236 on a 1440 px screen)
https://new.soilfoodweb.com/,Customize your learning path according to your needs and goals,card 9 (Introduction to Ecosystem Restoration),home/home - Customize your learning path according to your needs and goals - card 9 (Introduction to Ecosystem Restoration).jpg,"A group standing between rows of green crops in a field under a cloudy sky, listening to a man speaking",,708 x 472 (shown at 354 x 236 on a 1440 px screen)
https://new.soilfoodweb.com/,Customize your learning path according to your needs and goals,card 10 (Permaculture Design Certification),home/home - Customize your learning path according to your needs and goals - card 10 (Permaculture Design Certification).jpg,"A lush garden of leeks, kale, dahlias and sunflowers beside a polytunnel, with tall trees behind",,708 x 472 (shown at 354 x 236 on a 1440 px screen)
https://new.soilfoodweb.com/,Customize your learning path according to your needs and goals,card 11 (Intro to the Foundation Courses),home/home - Customize your learning path according to your needs and goals - card 11 (Intro to the Foundation Courses).jpg,Close-up of microscope objectives above a glass slide on the stage,,708 x 472 (shown at 354 x 236 on a 1440 px screen)
https://new.soilfoodweb.com/,Customize your learning path according to your needs and goals,card 12 (Mini Foundation Course),home/home - Customize your learning path according to your needs and goals - card 12 (Mini Foundation Course).jpg,Dr. Elaine Ingham smiling beside a microscope,,708 x 472 (shown at 354 x 236 on a 1440 px screen)
https://new.soilfoodweb.com/,Hear from our students,banner,home/home - Hear from our students - banner.jpg,A grid of video-call portraits of students and practitioners,,2880 x 1978 (shown at 1440 x 989 on a 1440 px screen)
https://new.soilfoodweb.com/,Keep up to date with our latest news and articles,card 1 (What exactly is Brownian motion),home/home - Keep up to date with our latest news and articles - card 1 (What exactly is Brownian motion).jpg,"Small particles and a faint streak on a pale background, seen under a microscope",,590 x 394 (shown at 295 x 197 on a 1440 px screen)
https://new.soilfoodweb.com/,Keep up to date with our latest news and articles,card 2 (A Fresh sMApp),home/home - Keep up to date with our latest news and articles - card 2 (A Fresh sMApp).jpg,"A graphic reading Microscopy, A Fresh sMApp, beside a tablet showing a chart, a microscope, and a laptop open on the sMApp client portfolio",,590 x 394 (shown at 295 x 197 on a 1440 px screen)
https://new.soilfoodweb.com/,Keep up to date with our latest news and articles,card 3 (How a rare microbe find helps deduce the prob),home/home - Keep up to date with our latest news and articles - card 3 (How a rare microbe find helps deduce the prob).jpg,"A graphic reading Microscopy, Ciliates, Cysts, and the Clues Hiding in a Struggling Watermelon Crop, over a microscope view of soil organisms and a cyst",,590 x 394 (shown at 295 x 197 on a 1440 px screen)
https://new.soilfoodweb.com/,Keep up to date with our latest news and articles,card 4 (The Soil Food Web School Launches Its First-E),home/home - Keep up to date with our latest news and articles - card 4 (The Soil Food Web School Launches Its First-E).jpg,"A graphic reading Education, SFW Launches first ever Permaculture Design Certificate, over raised wooden garden beds planted with onions and greens",,590 x 394 (shown at 295 x 197 on a 1440 px screen)
https://new.soilfoodweb.com/,Be part of the soil-ution,banner,home/home - Be part of the soil-ution - banner.jpg,A large group of workshop participants and mentors posing together under a garden pergola hung with burlap bunting,,2880 x 1532 (shown at 1440 x 766 on a 1440 px screen)
https://new.soilfoodweb.com/about-us/,In service to the soil that sustains us all,hero,about-us/about-us - In service to the soil that sustains us all - hero.jpg,Dark soil running from one hand into the other above a freshly worked field,,1004 x 1004 (shown at 502 x 502 on a 1440 px screen)
https://new.soilfoodweb.com/about-us/,Four ways we grow this work,card 1 (Teaching & learning),about-us/about-us - Four ways we grow this work - card 1 (Teaching & learning).jpg,"About twenty students standing outdoors around an instructor, with a hill and mountains behind",,488 x 366 (shown at 244 x 183 on a 1440 px screen)
https://new.soilfoodweb.com/about-us/,Four ways we grow this work,card 2 (Pursuing knowledge),about-us/about-us - Four ways we grow this work - card 2 (Pursuing knowledge).jpg,Two men leaning in to watch a soil sample drain through a funnel on a wooden stand,,488 x 366 (shown at 244 x 183 on a 1440 px screen)
https://new.soilfoodweb.com/about-us/,Four ways we grow this work,card 3 (Incubating applied practice),about-us/about-us - Four ways we grow this work - card 3 (Incubating applied practice).jpg,"A tractor pulling a compost turner along a long windrow in a farm field, a man kneeling to look at the compost and a group watching",,488 x 366 (shown at 244 x 183 on a 1440 px screen)
https://new.soilfoodweb.com/about-us/,Four ways we grow this work,card 4 (Building community & support),about-us/about-us - Four ways we grow this work - card 4 (Building community & support).jpg,"About thirty workshop participants smiling and waving in a field of red poppies, trees behind",,488 x 366 (shown at 244 x 183 on a 1440 px screen)
https://new.soilfoodweb.com/about-us/,The woman who started it all,image 1,about-us/about-us - The woman who started it all - image 1.jpg,Dr. Elaine Ingham smiling beside a microscope,,1204 x 678 (shown at 602 x 339 on a 1440 px screen)
https://new.soilfoodweb.com/programs-overview/,Learn to work with the life in your soil,hero,programs-overview/programs-overview - Learn to work with the life in your soil - hero.jpg,A man in a purple T-shirt teaching a seated group in a bright room with a high wooden ceiling,,1204 x 1008 (shown at 602 x 504 on a 1440 px screen)
https://new.soilfoodweb.com/programs-overview/,What brings you to the soil food web?,card 1 (Foundation Courses),programs-overview/programs-overview - What brings you to the soil food web - card 1 (Foundation Courses).jpg,"A curved, transparent nematode among scattered soil particles seen under a microscope","Bacterial-feeding nematode, 40x. Photo: Talbot Armstrong",804 x 536 (shown at 402 x 268 on a 1440 px screen)
https://new.soilfoodweb.com/programs-overview/,What brings you to the soil food web?,card 2 (Complete Practicum),programs-overview/programs-overview - What brings you to the soil food web - card 2 (Complete Practicum).jpg,"A woman in a cap and blue T-shirt smiling as she writes on a clipboard, with compost piles behind",,804 x 536 (shown at 402 x 268 on a 1440 px screen)
https://new.soilfoodweb.com/programs-overview/,What brings you to the soil food web?,card 3 (Soil Microscopy),programs-overview/programs-overview - What brings you to the soil food web - card 3 (Soil Microscopy).jpg,Test tubes of liquid samples in a rack beside a microscope,,804 x 536 (shown at 402 x 268 on a 1440 px screen)
https://new.soilfoodweb.com/programs-overview/,What brings you to the soil food web?,card 4 (BioComplete™ Compost Production),programs-overview/programs-overview - What brings you to the soil food web - card 4 (BioComplete™ Compost Production).jpg,A person in a wide-brimmed hat inspecting blue barrels of compost feedstock,,804 x 536 (shown at 402 x 268 on a 1440 px screen)
https://new.soilfoodweb.com/programs-overview/,What brings you to the soil food web?,card 5 (Compost Intensive Course),programs-overview/programs-overview - What brings you to the soil food web - card 5 (Compost Intensive Course).jpg,A woman forking wet plant material into a wire compost bin while a gloved hand sprays it with a hose,,804 x 536 (shown at 402 x 268 on a 1440 px screen)
https://new.soilfoodweb.com/programs-overview/,What brings you to the soil food web?,card 6 (Learn the Art and Science of Biological Liqui),programs-overview/programs-overview - What brings you to the soil food web - card 6 (Learn the Art and Science of Biological Liqui).jpg,Three white buckets of dark brewing compost tea with aerators and a cloth bag of compost,,804 x 536 (shown at 402 x 268 on a 1440 px screen)
https://new.soilfoodweb.com/programs-overview/,What brings you to the soil food web?,card 7 (Advanced Field Trial),programs-overview/programs-overview - What brings you to the soil food web - card 7 (Advanced Field Trial).jpg,A woman kneeling between vineyard rows with a soil probe,,804 x 536 (shown at 402 x 268 on a 1440 px screen)
https://new.soilfoodweb.com/programs-overview/,What brings you to the soil food web?,card 8 (Workshops),programs-overview/programs-overview - What brings you to the soil food web - card 8 (Workshops).jpg,People in gloves reaching into an open compost pile in a wire bin while others stand behind with tools,,804 x 536 (shown at 402 x 268 on a 1440 px screen)
https://new.soilfoodweb.com/programs-overview/,What brings you to the soil food web?,card 9 (Introduction to Ecosystem Restoration),programs-overview/programs-overview - What brings you to the soil food web - card 9 (Introduction to Ecosystem Restoration).jpg,"A group standing between rows of green crops in a field under a cloudy sky, listening to a man speaking",,804 x 536 (shown at 402 x 268 on a 1440 px screen)
https://new.soilfoodweb.com/programs-overview/,What brings you to the soil food web?,card 10 (Permaculture Design Certification),programs-overview/programs-overview - What brings you to the soil food web - card 10 (Permaculture Design Certification).jpg,"A lush garden of leeks, kale, dahlias and sunflowers beside a polytunnel, with tall trees behind",,804 x 536 (shown at 402 x 268 on a 1440 px screen)
https://new.soilfoodweb.com/programs-overview/,What brings you to the soil food web?,card 11 (Intro to the Foundation Courses),programs-overview/programs-overview - What brings you to the soil food web - card 11 (Intro to the Foundation Courses).jpg,Close-up of microscope objectives above a glass slide on the stage,,804 x 536 (shown at 402 x 268 on a 1440 px screen)
https://new.soilfoodweb.com/programs-overview/,What brings you to the soil food web?,card 12 (Mini Foundation Course),programs-overview/programs-overview - What brings you to the soil food web - card 12 (Mini Foundation Course).jpg,Dr. Elaine Ingham smiling beside a microscope,,804 x 536 (shown at 402 x 268 on a 1440 px screen)
https://new.soilfoodweb.com/workshops/,In-person workshops,card 1 (Accelerator Workshop October 2026),workshops/workshops - In-person workshops - card 1 (Accelerator Workshop October 2026).jpg,"A collage: a compost tea brewer, a person at a microscope, a group of participants outdoors, hands holding compost, and the Accelerator Workshop logo",,712 x 474 (shown at 356 x 237 on a 1440 px screen)
https://new.soilfoodweb.com/workshops/,In-person workshops,card 2 (Accelerator Workshop June 2026),workshops/workshops - In-person workshops - card 2 (Accelerator Workshop June 2026).jpg,"Five people standing around a tall wire compost cage packed with green material, in a barn",,712 x 474 (shown at 356 x 237 on a 1440 px screen)
https://new.soilfoodweb.com/workshops/,In-person workshops,card 3 (Accelerator Workshop February 2026),workshops/workshops - In-person workshops - card 3 (Accelerator Workshop February 2026).jpg,"Workshop participants in caps and hats gathered around open blue barrels, inspecting the feedstock inside",,712 x 474 (shown at 356 x 237 on a 1440 px screen)
https://new.soilfoodweb.com/workshops/,In-person workshops,card 4 (Accelerator Workshop October 2025),workshops/workshops - In-person workshops - card 4 (Accelerator Workshop October 2025).jpg,"Eight people standing in front of tropical plants, one of them holding up a certificate",,712 x 474 (shown at 356 x 237 on a 1440 px screen)
https://new.soilfoodweb.com/workshops/,In-person workshops,card 5 (Accelerator Workshop June 2025),workshops/workshops - In-person workshops - card 5 (Accelerator Workshop June 2025).jpg,A group standing in a field of red poppies under a blue sky,,712 x 474 (shown at 356 x 237 on a 1440 px screen)
https://new.soilfoodweb.com/workshops/,In-person workshops,card 6 (Accelerator Workshop March 2025),workshops/workshops - In-person workshops - card 6 (Accelerator Workshop March 2025).jpg,A large group posing around a freshly built compost pile under an open-sided roof,,712 x 474 (shown at 356 x 237 on a 1440 px screen)
https://new.soilfoodweb.com/workshops/,In-person workshops,card 7 (Accelerator Workshop January 2025),workshops/workshops - In-person workshops - card 7 (Accelerator Workshop January 2025).jpg,A large group posing under a garden pergola hung with burlap bunting,,712 x 474 (shown at 356 x 237 on a 1440 px screen)
https://new.soilfoodweb.com/workshops/,In-person workshops,card 8 (Accelerator Workshop July 2024),workshops/workshops - In-person workshops - card 8 (Accelerator Workshop July 2024).jpg,"Five people around a wire compost cage on a pallet, one kneeling with a pitchfork and giving a thumbs up",,712 x 474 (shown at 356 x 237 on a 1440 px screen)
https://new.soilfoodweb.com/workshops/,In-person workshops,card 9 (Accelerator Workshop August 2023),workshops/workshops - In-person workshops - card 9 (Accelerator Workshop August 2023).jpg,Students reaching up for a high five over a compost pile,,712 x 474 (shown at 356 x 237 on a 1440 px screen)
https://new.soilfoodweb.com/workshops/,In-person workshops,card 10 (Accelerator Workshop 2022),workshops/workshops - In-person workshops - card 10 (Accelerator Workshop 2022).jpg,"People in sun hats raking and forking a long compost pile in a dry field, with mountains behind",,712 x 474 (shown at 356 x 237 on a 1440 px screen)
https://new.soilfoodweb.com/workshops/,In-person workshops,card 11 (Accelerator Workshop 2019),workshops/workshops - In-person workshops - card 11 (Accelerator Workshop 2019).jpg,A group of participants posing together indoors,,712 x 474 (shown at 356 x 237 on a 1440 px screen)
https://new.soilfoodweb.com/scholarship/,Increasing the accessibility of our programs and the diversity of our community,hero,scholarship/scholarship - Increasing the accessibility of our programs and the diversity of our  - hero.jpg,"Seven smiling people in front of a brick and stone building, the woman in the middle holding a certificate of attendance",,800 x 450 (shown at 400 x 225 on a 1440 px screen)
https://new.soilfoodweb.com/scholarship/,Stories from our global community of Soil Regenerators!,card 1 (Amara Okafor),scholarship/scholarship - Stories from our global community of Soil Regenerators! - card 1 (Amara Okafor).jpg,"A student lifting a forkful of compost from a wire bin while another sprays it with a hose, under a shade roof",,804 x 502 (shown at 402 x 251 on a 1440 px screen)
https://new.soilfoodweb.com/scholarship/,Stories from our global community of Soil Regenerators!,card 2 (David Vance),scholarship/scholarship - Stories from our global community of Soil Regenerators! - card 2 (David Vance).jpg,Close-up of a man in a cap and glasses,,804 x 502 (shown at 402 x 251 on a 1440 px screen)
https://new.soilfoodweb.com/scholarship/,Stories from our global community of Soil Regenerators!,card 3 (John Doe),scholarship/scholarship - Stories from our global community of Soil Regenerators! - card 3 (John Doe).jpg,"A man in a cap squeezing a handful of compost beside a wire bin, with students watching under a shade roof",,804 x 502 (shown at 402 x 251 on a 1440 px screen)
https://new.soilfoodweb.com/scholarship/,Stories from our global community of Soil Regenerators!,card 4 (Marcus Thorne),scholarship/scholarship - Stories from our global community of Soil Regenerators! - card 4 (Marcus Thorne).jpg,A man with folded arms standing beside a green pickup truck,,804 x 502 (shown at 402 x 251 on a 1440 px screen)
https://new.soilfoodweb.com/scholarship/,Stories from our global community of Soil Regenerators!,card 5 (Yuki Tanaka),scholarship/scholarship - Stories from our global community of Soil Regenerators! - card 5 (Yuki Tanaka).jpg,Dr. Elaine Ingham smiling at a table outdoors,,804 x 502 (shown at 402 x 251 on a 1440 px screen)
https://new.soilfoodweb.com/login/,Be part of the soil-ution,banner,login/login - Be part of the soil-ution - banner.jpg,A microscope on a wooden table by a sunny window,,2880 x 1676 (shown at 1440 x 838 on a 1440 px screen)
https://new.soilfoodweb.com/how-it-works/,How the soil food web works,hero,how-it-works/how-it-works - How the soil food web works - hero.jpg,"A slender, transparent nematode among dark particles seen under a microscope","Bacterial-feeding nematode, 40x objective. Photo: Casey Williams",1204 x 610 (shown at 602 x 305 on a 1440 px screen)
https://new.soilfoodweb.com/how-it-works/,The soil food web,image 1,how-it-works/how-it-works - The soil food web - image 1.jpg,A clump of soil full of fine roots held over a sieve,Photo: Caterina Capri,1204 x 904 (shown at 602 x 452 on a 1440 px screen)
https://new.soilfoodweb.com/how-it-works/,Suppressing weeds,image 1,how-it-works/how-it-works - Suppressing weeds - image 1.jpg,"Crimson clover, vetch and a white flower growing together among green leaves",Photo: Caterina Capri,1204 x 904 (shown at 602 x 452 on a 1440 px screen)
https://new.soilfoodweb.com/how-it-works/,"Sequestering carbon, avoiding emissions",image 1,"how-it-works/how-it-works - Sequestering carbon, avoiding emissions - image 1.jpg",Fungal hypha under the microscope at 100x magnification. Photo: Marco Trevisan.,"Fungal hypha, 100x. Photo: Marco Trevisan.",1204 x 904 (shown at 602 x 452 on a 1440 px screen)
https://new.soilfoodweb.com/how-it-works/,Case studies & videos,image 1,how-it-works/how-it-works - Case studies & videos - image 1.jpg,"Four video cards: Adam York, Cory Miller, Jenn Sirp and Roberto Silva",,1204 x 814 (shown at 602 x 407 on a 1440 px screen)
https://new.soilfoodweb.com/publications/,The research behind living soil,hero,publications/publications - The research behind living soil - hero.jpg,"Dr. Elaine Ingham pouring liquid from a squeeze bottle into paper filters set over two bowls, with people on either side",,806 x 806 (shown at 403 x 403 on a 1440 px screen)
https://new.soilfoodweb.com/practice/,Taking Action toward a Healthier World,hero,practice/practice - Taking Action toward a Healthier World - hero.jpg,"A vineyard with green ground cover and yellow wildflowers between the rows, hills behind",Photo: Caterina Capri,1204 x 1204 (shown at 602 x 602 on a 1440 px screen)
https://new.soilfoodweb.com/practice/,Accelerating understanding into action,image 1,practice/practice - Accelerating understanding into action - image 1.jpg,Raised wooden vegetable beds with rows of young greens and onions in a community garden,,702 x 468 (shown at 351 x 234 on a 1440 px screen)
https://new.soilfoodweb.com/find-a-professional/,Work with a Soil Food Web School Graduate,hero,find-a-professional/find-a-professional - Work with a Soil Food Web School Graduate - hero.jpg,"A woman in a cap and blue T-shirt smiling as she writes on a clipboard, with compost piles behind",,964 x 602 (shown at 482 x 301 on a 1440 px screen)
https://new.soilfoodweb.com/community/,Welcome to our global community,hero,community/community - Welcome to our global community - hero.jpg,"Students in gloves high-fiving over a wire compost bin, everyone grinning",,1220 x 914 (shown at 610 x 457 on a 1440 px screen)
https://new.soilfoodweb.com/community/,Welcome to our global community,hero 2,community/community - Welcome to our global community - hero 2.jpg,A large workshop group posing under an open-sided shed around a compost pile,,1220 x 914 (shown at 610 x 457 on a 1440 px screen)
https://new.soilfoodweb.com/community/,Read the latest updates,card 1 (What exactly is Brownian motion),community/community - Read the latest updates - card 1 (What exactly is Brownian motion).jpg,Small pale particles scattered on a glass slide under the microscope,,590 x 394 (shown at 295 x 197 on a 1440 px screen)
https://new.soilfoodweb.com/community/,Read the latest updates,card 2 (A Fresh sMApp),community/community - Read the latest updates - card 2 (A Fresh sMApp).jpg,A laptop on a desk showing the sMApp app,,590 x 394 (shown at 295 x 197 on a 1440 px screen)
https://new.soilfoodweb.com/community/,Read the latest updates,card 3 (How a rare microbe find helps deduce the prob),community/community - Read the latest updates - card 3 (How a rare microbe find helps deduce the prob).jpg,A graphic reading Education: how a Soil Food Web education helps gardeners solve crop issues,,590 x 394 (shown at 295 x 197 on a 1440 px screen)
https://new.soilfoodweb.com/community/,Read the latest updates,card 4 (The Soil Food Web School Launches Its First-E),community/community - Read the latest updates - card 4 (The Soil Food Web School Launches Its First-E).jpg,"A yellow graphic reading A timely solution for uncertain times, with the Permaculture Design Course mark",,590 x 394 (shown at 295 x 197 on a 1440 px screen)
https://new.soilfoodweb.com/community/,Join the conversation on one of our live virtual events,image 1,community/community - Join the conversation on one of our live virtual events - image 1.jpg,"Video thumbnail reading Designing Abundance with David Holmgren, beside a photo of a smiling man in a checked shirt",,964 x 538 (shown at 482 x 269 on a 1440 px screen)
https://new.soilfoodweb.com/community/,Community Photo Gallery,gallery 1,community/community - Community Photo Gallery - gallery 1.jpg,"Three people in front of a stone wall, the man in the middle in a red shirt, the woman on the left holding a certificate of attendance","Robert Been, Loida and Laura, Accelerator Workshop, Costa Rica, July 2024",814 x 692 (shown at 407 x 346 on a 1440 px screen)
https://new.soilfoodweb.com/community/,Community Photo Gallery,gallery 2,community/community - Community Photo Gallery - gallery 2.jpg,About twenty-five staff members and mentors posing together for a group photo in a room with orange walls and tiled floor,"Staff and mentors, Accelerator Workshop, Costa Rica, March 2025",814 x 610 (shown at 407 x 305 on a 1440 px screen)
https://new.soilfoodweb.com/community/,Community Photo Gallery,gallery 3,community/community - Community Photo Gallery - gallery 3.jpg,A farmer in a pink cap and pale green coat holding an armful of harvested leafy greens in a field,"Smallholder farmer with an amaranth harvest, Aberdares region, Kenya. Photo: Martin Kihara",814 x 610 (shown at 407 x 305 on a 1440 px screen)
https://new.soilfoodweb.com/community/,Community Photo Gallery,gallery 4,community/community - Community Photo Gallery - gallery 4.jpg,"A man in a blue shirt standing beside a blue-lined tank framed with wooden poles, among trees",,814 x 610 (shown at 407 x 305 on a 1440 px screen)
https://new.soilfoodweb.com/community/,Community Photo Gallery,gallery 5,community/community - Community Photo Gallery - gallery 5.jpg,"Two people laughing at a table with a microscope, water bottles and lab supplies, flower pictures on the wall behind",,814 x 458 (shown at 407 x 229 on a 1440 px screen)
https://new.soilfoodweb.com/community/,Community Photo Gallery,gallery 6,community/community - Community Photo Gallery - gallery 6.jpg,Workshop graduates holding their certificates of attendance under a white tent,"Graduates of the Accelerator Workshop, Costa Rica, August 2023",814 x 610 (shown at 407 x 305 on a 1440 px screen)
https://new.soilfoodweb.com/community/,Community Photo Gallery,gallery 7,community/community - Community Photo Gallery - gallery 7.jpg,A large group posing on grass in front of trees under a blue sky,"Accelerator Workshop, Kampia, Cyprus, January 2025",814 x 450 (shown at 407 x 225 on a 1440 px screen)
https://new.soilfoodweb.com/community/,Community Photo Gallery,gallery 8,community/community - Community Photo Gallery - gallery 8.jpg,"Three people standing on a terrace, one holding a certificate, with stone retaining walls and a greenhouse behind","Accelerator Workshop, Costa Rica, July 2024",814 x 610 (shown at 407 x 305 on a 1440 px screen)
https://new.soilfoodweb.com/community/,Community Photo Gallery,gallery 9,community/community - Community Photo Gallery - gallery 9.jpg,People working at microscopes along a long table in a bright room,Beginner microscopy group,814 x 458 (shown at 407 x 229 on a 1440 px screen)
https://new.soilfoodweb.com/community/,Community Photo Gallery,gallery 10,community/community - Community Photo Gallery - gallery 10.jpg,"Four men standing outdoors in front of a pile of cut plant material, under trees",,814 x 610 (shown at 407 x 305 on a 1440 px screen)
https://new.soilfoodweb.com/community/,Community Photo Gallery,gallery 11,community/community - Community Photo Gallery - gallery 11.jpg,A large group in matching grey shirts posing on grass among trees,"Accelerator Workshop, Wild Ken Hill, Norfolk, United Kingdom, June 2025",814 x 450 (shown at 407 x 225 on a 1440 px screen)
https://new.soilfoodweb.com/community/,Community Photo Gallery,gallery 12,community/community - Community Photo Gallery - gallery 12.jpg,"Five people, most in lab coats, standing in a row inside a greenhouse","Student training on probiotic fertilizer, KSTVET greenhouse, Nairobi, Kenya. Photo: Martin Kihara",814 x 364 (shown at 407 x 182 on a 1440 px screen)
https://new.soilfoodweb.com/community/,Community Photo Gallery,gallery 13,community/community - Community Photo Gallery - gallery 13.jpg,"Five people cheering with their arms up around a tall wire compost cage on a pallet, inside a barn","Accelerator Workshop, Wild Ken Hill, Norfolk, United Kingdom, June 2026",814 x 896 (shown at 407 x 448 on a 1440 px screen)
https://new.soilfoodweb.com/community/,Community Photo Gallery,gallery 14,community/community - Community Photo Gallery - gallery 14.jpg,"Eight people in a green field under a wide sky, two kneeling to look at the soil, with a tractor working a field behind","In the field, Accelerator Workshop, Wild Ken Hill, Norfolk, United Kingdom, June 2025",814 x 610 (shown at 407 x 305 on a 1440 px screen)
https://new.soilfoodweb.com/community/,Community Photo Gallery,gallery 15,community/community - Community Photo Gallery - gallery 15.jpg,"Students and mentors practice microscopy together at our workshop in Costa Rica, March 2025","Students and mentors at the microscopes, Accelerator Workshop, Costa Rica, March 2025",814 x 610 (shown at 407 x 305 on a 1440 px screen)
https://new.soilfoodweb.com/community/,Community Photo Gallery,gallery 16,community/community - Community Photo Gallery - gallery 16.jpg,A workshop group of about thirty people gathered around a freshly built compost pile under an open-sided shed,"Workshop group around a freshly built compost pile, Accelerator Workshop, Costa Rica, March 2025",814 x 610 (shown at 407 x 305 on a 1440 px screen)
https://new.soilfoodweb.com/community/,Community Photo Gallery,gallery 17,community/community - Community Photo Gallery - gallery 17.jpg,A large group in purple shirts gathered outdoors around a sign reading Elaine,Ceremonial compost build in honor of Dr. Elaine Ingham,814 x 458 (shown at 407 x 229 on a 1440 px screen)
https://new.soilfoodweb.com/news/,Dispatches from the living soil,hero,news/news - Dispatches from the living soil - hero.jpg,"A graphic reading Education: how a Soil Food Web education helps gardeners solve crop issues, with a Read post button",,1048 x 740 (shown at 524 x 370 on a 1440 px screen)
https://new.soilfoodweb.com/news/,All posts,card 1 (What exactly is Brownian motion),news/news - All posts - card 1 (What exactly is Brownian motion).jpg,"Small particles and a faint streak on a pale background, seen under a microscope",,700 x 466 (shown at 350 x 233 on a 1440 px screen)
https://new.soilfoodweb.com/news/,All posts,card 2 (A Fresh sMApp),news/news - All posts - card 2 (A Fresh sMApp).jpg,"A graphic reading Microscopy, A Fresh sMApp, beside a tablet showing a chart, a microscope, and a laptop open on the sMApp client portfolio",,700 x 466 (shown at 350 x 233 on a 1440 px screen)
https://new.soilfoodweb.com/news/,All posts,card 3 (How a rare microbe find helps deduce the prob),news/news - All posts - card 3 (How a rare microbe find helps deduce the prob).jpg,"A graphic reading Microscopy, Ciliates, Cysts, and the Clues Hiding in a Struggling Watermelon Crop, over a microscope view of soil organisms and a cyst",,700 x 466 (shown at 350 x 233 on a 1440 px screen)
https://new.soilfoodweb.com/news/,All posts,card 4 (The Soil Food Web School Launches Its First-E),news/news - All posts - card 4 (The Soil Food Web School Launches Its First-E).jpg,"A graphic reading Education, SFW Launches first ever Permaculture Design Certificate, over raised wooden garden beds planted with onions and greens",,700 x 466 (shown at 350 x 233 on a 1440 px screen)
https://new.soilfoodweb.com/news/,All posts,card 5 (Soil Food Web School Advanced Programs Are Re),news/news - All posts - card 5 (Soil Food Web School Advanced Programs Are Re).jpg,"A graphic reading School Updates, Soil Food Web School Advanced Programs Are Reopening, beside students working at microscopes along a table",,700 x 466 (shown at 350 x 233 on a 1440 px screen)
https://new.soilfoodweb.com/news/,All posts,card 6 (Obituary for Dr. Elaine Ingham),news/news - All posts - card 6 (Obituary for Dr. Elaine Ingham).jpg,"A graphic reading In Memoriam, Obituary for Dr. Elaine Ingham, over a large group in purple shirts gathered outdoors around a sign reading Elaine",,700 x 466 (shown at 350 x 233 on a 1440 px screen)
https://new.soilfoodweb.com/news/,All posts,card 7 (The Soil Food Web Welcomes a New Board Member),news/news - All posts - card 7 (The Soil Food Web Welcomes a New Board Member).jpg,"A graphic reading Foundation Update, The Soil Food Web Welcomes a New Board Member, Eric Feiler, over a green landscape of trees and fields",,700 x 466 (shown at 350 x 233 on a 1440 px screen)
https://new.soilfoodweb.com/news/,All posts,card 8 (2025 in Review A time of transition – honorin),news/news - All posts - card 8 (2025 in Review A time of transition – honorin).jpg,Dr. Elaine Ingham in a purple cardigan crouching in a garden among daffodils,,700 x 466 (shown at 350 x 233 on a 1440 px screen)
https://new.soilfoodweb.com/news/,All posts,card 9 (🌱 Join the Free Webinar Series A Living Legac),news/news - All posts - card 9 (🌱 Join the Free Webinar Series A Living Legac).jpg,"A graphic reading Events, A Living Legacy, join the free webinar series, beside a portrait of Dr. Elaine Ingham smiling",,700 x 466 (shown at 350 x 233 on a 1440 px screen)
https://new.soilfoodweb.com/news/,All posts,card 10 (Soil Health Week 2025 Wild Soils UK and Trash),news/news - All posts - card 10 (Soil Health Week 2025 Wild Soils UK and Trash).jpg,"A graphic reading Events, Soil Health Week 2025, beside three people with a Soil Health Week banner",,700 x 466 (shown at 350 x 233 on a 1440 px screen)
https://new.soilfoodweb.com/news/,All posts,card 11 (Soil Food Web Foundation Launches as Nonprofi),news/news - All posts - card 11 (Soil Food Web Foundation Launches as Nonprofi).jpg,"A graphic reading Foundation Update, Soil Food Web Foundation Launches as Nonprofit, beside Dr. Elaine Ingham smiling in a sunny garden",,700 x 466 (shown at 350 x 233 on a 1440 px screen)
https://new.soilfoodweb.com/news/,All posts,card 12 (Retirement Announcement Dr. Elaine Ingham),news/news - All posts - card 12 (Retirement Announcement Dr. Elaine Ingham).jpg,"A graphic reading School Updates, Retirement Announcement: Dr. Elaine Ingham, beside Dr. Elaine Ingham smiling at an outdoor table",,700 x 466 (shown at 350 x 233 on a 1440 px screen)
https://new.soilfoodweb.com/news/,All posts,card 13 (October 2025 – Newsletter),news/news - All posts - card 13 (October 2025 – Newsletter).jpg,"A graphic reading Blog, October 2025 Newsletter, over a hand holding dark crumbly compost",,700 x 466 (shown at 350 x 233 on a 1440 px screen)
https://new.soilfoodweb.com/news/,All posts,"card 14 (Help us celebrate food, knowledge and culture)","news/news - All posts - card 14 (Help us celebrate food, knowledge and culture).jpg","A graphic reading Events, Help us celebrate food, knowledge and culture in Sacramento this September, over rows of young carrot plants",,700 x 466 (shown at 350 x 233 on a 1440 px screen)
https://new.soilfoodweb.com/news/,All posts,card 15 (Student Profile Su Kahumbu Stephanou),news/news - All posts - card 15 (Student Profile Su Kahumbu Stephanou).jpg,A woman in sunglasses reaching out to a black-and-white calf over a wooden fence,,700 x 466 (shown at 350 x 233 on a 1440 px screen)
https://new.soilfoodweb.com/news/,All posts,card 16 (Celebrating World Soil Day 2024),news/news - All posts - card 16 (Celebrating World Soil Day 2024).jpg,"An illustration of two cupped hands holding soil and a seedling on a dark green background, dated 5 December 2024",,700 x 466 (shown at 350 x 233 on a 1440 px screen)
https://new.soilfoodweb.com/news/,All posts,card 17 (Harnessing Ernst Gotch’s Agroecological Wisdo),news/news - All posts - card 17 (Harnessing Ernst Gotch’s Agroecological Wisdo).jpg,Dense young forest of palms and trees,,700 x 466 (shown at 350 x 233 on a 1440 px screen)
https://new.soilfoodweb.com/calendar/,Get Your Hands Dirty,hero,calendar/calendar - Get Your Hands Dirty - hero.jpg,People turning and watering a compost pile in a wire bay.,,1020 x 574 (shown at 510 x 287 on a 1440 px screen)
https://new.soilfoodweb.com/donations/,We need your help,hero,donations/donations - We need your help - hero.jpg,"Students in gloves high-fiving over a wire compost bin, everyone grinning",,808 x 606 (shown at 404 x 303 on a 1440 px screen)
https://new.soilfoodweb.com/donations/,We need your help,hero 2,donations/donations - We need your help - hero 2.jpg,"A man in a wide-brimmed hat speaking to a group beside rows of blue barrels of feedstock, hoop houses behind",,808 x 606 (shown at 404 x 303 on a 1440 px screen)
https://new.soilfoodweb.com/donations/,We need your help,hero 3,donations/donations - We need your help - hero 3.jpg,People sitting on benches around a fire pit under bare trees,,808 x 606 (shown at 404 x 303 on a 1440 px screen)
https://new.soilfoodweb.com/volunteer/,In service to the soil that sustains us all,hero,volunteer/volunteer - In service to the soil that sustains us all - hero.jpg,"A large group in hats and jackets standing outdoors among shrubs and sheds, under a clear blue sky",,1204 x 902 (shown at 602 x 451 on a 1440 px screen)
https://new.soilfoodweb.com/volunteer/,The woman who started it all,image 1,volunteer/volunteer - The woman who started it all - image 1.jpg,"Dr. Elaine Ingham in sunglasses and a purple cardigan, smiling outdoors in a garden",,1204 x 678 (shown at 602 x 339 on a 1440 px screen)
https://new.soilfoodweb.com/invite-us-to-speak/,Invite us to speak,hero,invite-us-to-speak/invite-us-to-speak - Invite us to speak - hero.jpg,A man in a purple T-shirt speaking to a full room of seated people,,1204 x 752 (shown at 602 x 376 on a 1440 px screen)
https://new.soilfoodweb.com/contact-info/,Other ways to reach us,image 1,contact-info/contact-info - Other ways to reach us - image 1.jpg,Seven people in matching purple shirts standing arm in arm indoors,"Mentors, Accelerator Workshop, Santa Fe, 2026",844 x 476 (shown at 422 x 238 on a 1440 px screen)
https://new.soilfoodweb.com/2025-in-review-a-time-of-transition-honoring-our-founder-and-guiding-spirit-building-stronger-community-and-preparing-for-a-bright-future/,"2025 in Review: A time of transition – honoring our founder and guiding spirit, building stronger community, and preparing for a bright future",hero,2025-in-review-a-time-of-transition-honoring-our-founder-and-guiding-s/2025-in-review-a-time-of-transition-honoring-our-founder-and-guiding-s - 2025 in Review A time of transition – honoring our founder and guiding - hero.jpg,Dr. Elaine Ingham in a purple cardigan crouching in a garden among daffodils,,2880 x 1100 (shown at 1440 x 550 on a 1440 px screen)
https://new.soilfoodweb.com/2025-in-review-a-time-of-transition-honoring-our-founder-and-guiding-spirit-building-stronger-community-and-preparing-for-a-bright-future/,"2025 in Review: A time of transition – honoring our founder and guiding spirit, building stronger community, and preparing for a bright future",body image 1,2025-in-review-a-time-of-transition-honoring-our-founder-and-guiding-s/2025-in-review-a-time-of-transition-honoring-our-founder-and-guiding-s - 2025 in Review A time of transition – honoring our founder and guiding - body image 1.jpg,Woman looking into a microscope at a table with a laptop.,,1456 x 896 (shown at 728 x 448 on a 1440 px screen)
https://new.soilfoodweb.com/2025-in-review-a-time-of-transition-honoring-our-founder-and-guiding-spirit-building-stronger-community-and-preparing-for-a-bright-future/,"2025 in Review: A time of transition – honoring our founder and guiding spirit, building stronger community, and preparing for a bright future",body image 2,2025-in-review-a-time-of-transition-honoring-our-founder-and-guiding-s/2025-in-review-a-time-of-transition-honoring-our-founder-and-guiding-s - 2025 in Review A time of transition – honoring our founder and guiding - body image 2.jpg,People working at microscopes around a long table in a classroom.,,1456 x 1092 (shown at 728 x 546 on a 1440 px screen)
https://new.soilfoodweb.com/a-blueprint-to-return-to-the-garden-of-eden/,Harnessing Ernst Gotch’s Agroecological Wisdom: A Blueprint to Return to The Garden of Eden,hero,a-blueprint-to-return-to-the-garden-of-eden/a-blueprint-to-return-to-the-garden-of-eden - Harnessing Ernst Gotch’s Agroecological Wisdom A Blueprint to Return t - hero.jpg,Dense young forest of palms and trees,,2880 x 1100 (shown at 1440 x 550 on a 1440 px screen)
https://new.soilfoodweb.com/a-fresh-smapp/,A Fresh sMApp,hero,a-fresh-smapp/a-fresh-smapp - A Fresh sMApp - hero.jpg,"A graphic reading Microscopy, A Fresh sMApp, beside a tablet showing a chart, a microscope, and a laptop open on the sMApp client portfolio",,2880 x 1080 (shown at 1440 x 540 on a 1440 px screen)
https://new.soilfoodweb.com/celebrating-world-soil-day-2024/,Celebrating World Soil Day 2024,hero,celebrating-world-soil-day-2024/celebrating-world-soil-day-2024 - Celebrating World Soil Day 2024 - hero.jpg,"An illustration of two cupped hands holding soil and a seedling on a dark green background, dated 5 December 2024",,2880 x 1100 (shown at 1440 x 550 on a 1440 px screen)
https://new.soilfoodweb.com/ciliates-soil-health-microscope-watermelon-crop/,"How a rare microbe find helps deduce the problem with unhealthy soil: ciliates, cysts, and the clues hiding in a struggling watermelon crop",hero,ciliates-soil-health-microscope-watermelon-crop/ciliates-soil-health-microscope-watermelon-crop - How a rare microbe find helps deduce the problem with unhealthy soil c - hero.jpg,"A graphic reading Microscopy, Ciliates, Cysts, and the Clues Hiding in a Struggling Watermelon Crop, over a microscope view of soil organisms and a cyst",,2880 x 1080 (shown at 1440 x 540 on a 1440 px screen)
https://new.soilfoodweb.com/help-us-celebrate-food-knowledge-and-culture-in-sacramento-this-september/,"Help us celebrate food, knowledge and culture in Sacramento this September",hero,"help-us-celebrate-food-knowledge-and-culture-in-sacramento-this-septem/help-us-celebrate-food-knowledge-and-culture-in-sacramento-this-septem - Help us celebrate food, knowledge and culture in Sacramento this Septe - hero.jpg","A graphic reading Events, Help us celebrate food, knowledge and culture in Sacramento this September, over rows of young carrot plants",,2880 x 1080 (shown at 1440 x 540 on a 1440 px screen)
https://new.soilfoodweb.com/help-us-celebrate-food-knowledge-and-culture-in-sacramento-this-september/,"Help us celebrate food, knowledge and culture in Sacramento this September",body image 1,"help-us-celebrate-food-knowledge-and-culture-in-sacramento-this-septem/help-us-celebrate-food-knowledge-and-culture-in-sacramento-this-septem - Help us celebrate food, knowledge and culture in Sacramento this Septe - body image 1.jpg",Crowd walking past food trucks on a sunny city street.,,1456 x 970 (shown at 728 x 485 on a 1440 px screen)
https://new.soilfoodweb.com/join-the-free-webinar-series-a-living-legacy-the-science-of-the-soil-food-web/,🌱 Join the Free Webinar Series: A Living Legacy — The Science of the Soil Food Web,hero,join-the-free-webinar-series-a-living-legacy-the-science-of-the-soil-f/join-the-free-webinar-series-a-living-legacy-the-science-of-the-soil-f - 🌱 Join the Free Webinar Series A Living Legacy — The Science of the So - hero.jpg,"A graphic reading Events, A Living Legacy, join the free webinar series, beside a portrait of Dr. Elaine Ingham smiling",,2880 x 1080 (shown at 1440 x 540 on a 1440 px screen)
https://new.soilfoodweb.com/obituary-for-dr-elaine-ingham/,Obituary for Dr. Elaine Ingham,hero,obituary-for-dr-elaine-ingham/obituary-for-dr-elaine-ingham - Obituary for Dr. Elaine Ingham - hero.jpg,"A graphic reading In Memoriam, Obituary for Dr. Elaine Ingham, over a large group in purple shirts gathered outdoors around a sign reading Elaine",,2880 x 1080 (shown at 1440 x 540 on a 1440 px screen)
https://new.soilfoodweb.com/october-2025-newsletter/,October 2025 – Newsletter,hero,october-2025-newsletter/october-2025-newsletter - October 2025 – Newsletter - hero.jpg,"A graphic reading Blog, October 2025 Newsletter, over a hand holding dark crumbly compost",,2880 x 1080 (shown at 1440 x 540 on a 1440 px screen)
https://new.soilfoodweb.com/retirement-announcement-dr-elaine-ingham/,Retirement Announcement: Dr. Elaine Ingham,hero,retirement-announcement-dr-elaine-ingham/retirement-announcement-dr-elaine-ingham - Retirement Announcement Dr. Elaine Ingham - hero.jpg,"A graphic reading School Updates, Retirement Announcement: Dr. Elaine Ingham, beside Dr. Elaine Ingham smiling at an outdoor table",,2880 x 1080 (shown at 1440 x 540 on a 1440 px screen)
https://new.soilfoodweb.com/sadhguru-and-the-soil-food-web/,Sadhguru and the Soil Food Web,body image 1,sadhguru-and-the-soil-food-web/sadhguru-and-the-soil-food-web - Sadhguru and the Soil Food Web - body image 1.jpg,Sadhguru - COP 15 2022,,1456 x 970 (shown at 728 x 485 on a 1440 px screen)
https://new.soilfoodweb.com/sadhguru-and-the-soil-food-web/,Sadhguru and the Soil Food Web,body image 2,sadhguru-and-the-soil-food-web/sadhguru-and-the-soil-food-web - Sadhguru and the Soil Food Web - body image 2.jpg,Sadhguru on the move...,,1456 x 970 (shown at 728 x 485 on a 1440 px screen)
https://new.soilfoodweb.com/soil-food-web-advanced-programs-reopen-2026/,Soil Food Web School Advanced Programs Are Reopening!,hero,soil-food-web-advanced-programs-reopen-2026/soil-food-web-advanced-programs-reopen-2026 - Soil Food Web School Advanced Programs Are Reopening! - hero.jpg,"A graphic reading School Updates, Soil Food Web School Advanced Programs Are Reopening, beside students working at microscopes along a table",,2880 x 1080 (shown at 1440 x 540 on a 1440 px screen)
https://new.soilfoodweb.com/soil-food-web-foundation-launches-as-nonprofit-to-carry-forward-dr-elaine-inghams-legacy/,Soil Food Web Foundation Launches as Nonprofit to Carry Forward Dr. Elaine Ingham’s Legacy,hero,soil-food-web-foundation-launches-as-nonprofit-to-carry-forward-dr-ela/soil-food-web-foundation-launches-as-nonprofit-to-carry-forward-dr-ela - Soil Food Web Foundation Launches as Nonprofit to Carry Forward Dr. El - hero.jpg,"A graphic reading Foundation Update, Soil Food Web Foundation Launches as Nonprofit, beside Dr. Elaine Ingham smiling in a sunny garden",,2880 x 1080 (shown at 1440 x 540 on a 1440 px screen)
https://new.soilfoodweb.com/soil-food-web-foundation-welcomes-eric-feiler/,The Soil Food Web Welcomes a New Board Member – Eric Feiler,hero,soil-food-web-foundation-welcomes-eric-feiler/soil-food-web-foundation-welcomes-eric-feiler - The Soil Food Web Welcomes a New Board Member – Eric Feiler - hero.jpg,"A graphic reading Foundation Update, The Soil Food Web Welcomes a New Board Member, Eric Feiler, over a green landscape of trees and fields",,2880 x 1080 (shown at 1440 x 540 on a 1440 px screen)
https://new.soilfoodweb.com/soil-food-web-school-first-permaculture-design-certificate-course/,The Soil Food Web School Launches Its First-Ever Permaculture Design Certificate Course — A Milestone Moment for Regenerative Education,hero,soil-food-web-school-first-permaculture-design-certificate-course/soil-food-web-school-first-permaculture-design-certificate-course - The Soil Food Web School Launches Its First-Ever Permaculture Design C - hero.jpg,"A graphic reading Education, SFW Launches first ever Permaculture Design Certificate, over raised wooden garden beds planted with onions and greens",,2880 x 1080 (shown at 1440 x 540 on a 1440 px screen)
https://new.soilfoodweb.com/soil-health-week-2025-wild-soils-uk-and-trashit-bring-the-soil-food-web-approach-to-pakistan/,Soil Health Week 2025: Wild Soils UK and TrashIt Bring the Soil Food Web Approach to Pakistan,hero,soil-health-week-2025-wild-soils-uk-and-trashit-bring-the-soil-food-we/soil-health-week-2025-wild-soils-uk-and-trashit-bring-the-soil-food-we - Soil Health Week 2025 Wild Soils UK and TrashIt Bring the Soil Food We - hero.jpg,"A graphic reading Events, Soil Health Week 2025, beside three people with a Soil Health Week banner",,2880 x 1080 (shown at 1440 x 540 on a 1440 px screen)
https://new.soilfoodweb.com/student-profile-su-kahumbu-stephanou/,Student Profile: Su Kahumbu Stephanou,hero,student-profile-su-kahumbu-stephanou/student-profile-su-kahumbu-stephanou - Student Profile Su Kahumbu Stephanou - hero.jpg,A woman in sunglasses reaching out to a black-and-white calf over a wooden fence,,2880 x 1100 (shown at 1440 x 550 on a 1440 px screen)
https://new.soilfoodweb.com/unconditional-freedom-at-home-and-in-the-world/,Unconditional Freedom: At Home and in the World,body image 1,unconditional-freedom-at-home-and-in-the-world/unconditional-freedom-at-home-and-in-the-world - Unconditional Freedom At Home and in the World - body image 1.jpg,Hands among green squash leaves and yellow flowers,,1456 x 972 (shown at 728 x 486 on a 1440 px screen)
https://new.soilfoodweb.com/unconditional-freedom-at-home-and-in-the-world/,Unconditional Freedom: At Home and in the World,body image 2,unconditional-freedom-at-home-and-in-the-world/unconditional-freedom-at-home-and-in-the-world - Unconditional Freedom At Home and in the World - body image 2.jpg,Two people talking on a dirt path among dry grass and trees.,,1456 x 814 (shown at 728 x 407 on a 1440 px screen)
https://new.soilfoodweb.com/unconditional-freedom-at-home-and-in-the-world/,Unconditional Freedom: At Home and in the World,body image 3,unconditional-freedom-at-home-and-in-the-world/unconditional-freedom-at-home-and-in-the-world - Unconditional Freedom At Home and in the World - body image 3.jpg,Masked people stretching arms overhead in a brick room,,1456 x 820 (shown at 728 x 410 on a 1440 px screen)
https://new.soilfoodweb.com/unconditional-freedom-at-home-and-in-the-world/,Unconditional Freedom: At Home and in the World,body image 4,unconditional-freedom-at-home-and-in-the-world/unconditional-freedom-at-home-and-in-the-world - Unconditional Freedom At Home and in the World - body image 4.jpg,Young seedlings in black nursery trays,,1456 x 970 (shown at 728 x 485 on a 1440 px screen)
https://new.soilfoodweb.com/what-exactly-is-brownian-motion/,What exactly is Brownian motion?,hero,what-exactly-is-brownian-motion/what-exactly-is-brownian-motion - What exactly is Brownian motion - hero.jpg,"Small particles and a faint streak on a pale background, seen under a microscope",,2880 x 1100 (shown at 1440 x 550 on a 1440 px screen)
https://new.soilfoodweb.com/workshop/accelerator-workshop-2019/,Accelerator Workshop 2019,hero,workshop accelerator-workshop-2019/workshop accelerator-workshop-2019 - Accelerator Workshop 2019 - hero.jpg,A group of participants posing together indoors,,564 x 376 (shown at 282 x 188 on a 1440 px screen)
https://new.soilfoodweb.com/workshop/accelerator-workshop-2022/,Accelerator Workshop 2022,hero,workshop accelerator-workshop-2022/workshop accelerator-workshop-2022 - Accelerator Workshop 2022 - hero.jpg,"People in sun hats raking and forking a long compost pile in a dry field, with mountains behind",,2048 x 1368 (shown at 1024 x 684 on a 1440 px screen)
https://new.soilfoodweb.com/workshop/accelerator-workshop-august-2023/,Accelerator Workshop August 2023,hero,workshop accelerator-workshop-august-2023/workshop accelerator-workshop-august-2023 - Accelerator Workshop August 2023 - hero.jpg,Students reaching up for a high five over a compost pile,,2160 x 1440 (shown at 1080 x 720 on a 1440 px screen)
https://new.soilfoodweb.com/workshop/accelerator-workshop-february-2026/,Accelerator Workshop February 2026,hero,workshop accelerator-workshop-february-2026/workshop accelerator-workshop-february-2026 - Accelerator Workshop February 2026 - hero.jpg,"Workshop participants in caps and hats gathered around open blue barrels, inspecting the feedstock inside",,2160 x 1440 (shown at 1080 x 720 on a 1440 px screen)
https://new.soilfoodweb.com/workshop/accelerator-workshop-january-2025/,Accelerator Workshop January 2025,hero,workshop accelerator-workshop-january-2025/workshop accelerator-workshop-january-2025 - Accelerator Workshop January 2025 - hero.jpg,A large group posing under a garden pergola hung with burlap bunting,,2160 x 1440 (shown at 1080 x 720 on a 1440 px screen)
https://new.soilfoodweb.com/workshop/accelerator-workshop-july-2024/,Accelerator Workshop July 2024,hero,workshop accelerator-workshop-july-2024/workshop accelerator-workshop-july-2024 - Accelerator Workshop July 2024 - hero.jpg,"Five people around a wire compost cage on a pallet, one kneeling with a pitchfork and giving a thumbs up",,2160 x 1440 (shown at 1080 x 720 on a 1440 px screen)
https://new.soilfoodweb.com/workshop/accelerator-workshop-june-2025/,Accelerator Workshop June 2025,hero,workshop accelerator-workshop-june-2025/workshop accelerator-workshop-june-2025 - Accelerator Workshop June 2025 - hero.jpg,A group standing in a field of red poppies under a blue sky,,2160 x 1440 (shown at 1080 x 720 on a 1440 px screen)
https://new.soilfoodweb.com/workshop/accelerator-workshop-june-2026/,Accelerator Workshop June 2026,hero,workshop accelerator-workshop-june-2026/workshop accelerator-workshop-june-2026 - Accelerator Workshop June 2026 - hero.jpg,"Five people standing around a tall wire compost cage packed with green material, in a barn",,2160 x 1440 (shown at 1080 x 720 on a 1440 px screen)
https://new.soilfoodweb.com/workshop/accelerator-workshop-june-2026/,Gallery,gallery 1,workshop accelerator-workshop-june-2026/workshop accelerator-workshop-june-2026 - Gallery - gallery 1.jpg,"Five people standing around a tall wire compost cage topped with flowers, in a barn",,704 x 528 (shown at 352 x 264 on a 1440 px screen)
https://new.soilfoodweb.com/workshop/accelerator-workshop-june-2026/,Gallery,gallery 2,workshop accelerator-workshop-june-2026/workshop accelerator-workshop-june-2026 - Gallery - gallery 2.jpg,"Five people posing around a tall wire compost cage on a pallet, in a barn",,704 x 528 (shown at 352 x 264 on a 1440 px screen)
https://new.soilfoodweb.com/workshop/accelerator-workshop-march-2025/,Accelerator Workshop March 2025,hero,workshop accelerator-workshop-march-2025/workshop accelerator-workshop-march-2025 - Accelerator Workshop March 2025 - hero.jpg,A large group posing around a freshly built compost pile under an open-sided roof,,2160 x 1440 (shown at 1080 x 720 on a 1440 px screen)
https://new.soilfoodweb.com/workshop/accelerator-workshop-october-2025/,Accelerator Workshop October 2025,hero,workshop accelerator-workshop-october-2025/workshop accelerator-workshop-october-2025 - Accelerator Workshop October 2025 - hero.jpg,"Eight people standing in front of tropical plants, one of them holding up a certificate",,2160 x 1440 (shown at 1080 x 720 on a 1440 px screen)
https://new.soilfoodweb.com/workshop/accelerator-workshop-october-2026/,Accelerator Workshop October 2026,hero,workshop accelerator-workshop-october-2026/workshop accelerator-workshop-october-2026 - Accelerator Workshop October 2026 - hero.jpg,"A collage: a compost tea brewer, a person at a microscope, a group of participants outdoors, hands holding compost, and the Accelerator Workshop logo",,1260 x 840 (shown at 630 x 420 on a 1440 px screen)
https://new.soilfoodweb.com/workshop/accelerator-workshop-october-2026/,Gallery,gallery 1,workshop accelerator-workshop-october-2026/workshop accelerator-workshop-october-2026 - Gallery - gallery 1.jpg,A large hall with a striped ceiling and a decorated stage,,704 x 528 (shown at 352 x 264 on a 1440 px screen)
https://new.soilfoodweb.com/workshop/accelerator-workshop-october-2026/,Gallery,gallery 2,workshop accelerator-workshop-october-2026/workshop accelerator-workshop-october-2026 - Gallery - gallery 2.jpg,People bathing in a stone pool inside a temple hall,,704 x 528 (shown at 352 x 264 on a 1440 px screen)
https://new.soilfoodweb.com/workshop/accelerator-workshop-october-2026/,Gallery,gallery 3,workshop accelerator-workshop-october-2026/workshop accelerator-workshop-october-2026 - Gallery - gallery 3.jpg,A priest before a large black statue with red markings and flower garlands,,704 x 528 (shown at 352 x 264 on a 1440 px screen)
https://new.soilfoodweb.com/workshop/accelerator-workshop-october-2026/,Gallery,gallery 4,workshop accelerator-workshop-october-2026/workshop accelerator-workshop-october-2026 - Gallery - gallery 4.jpg,A simple guest room with two beds and a red wall,,704 x 528 (shown at 352 x 264 on a 1440 px screen)
https://new.soilfoodweb.com/workshop/accelerator-workshop-october-2026/,Gallery,gallery 5,workshop accelerator-workshop-october-2026/workshop accelerator-workshop-october-2026 - Gallery - gallery 5.jpg,"A plate of rice, vegetables, peanuts, dal and watermelon",,704 x 528 (shown at 352 x 264 on a 1440 px screen)
https://new.soilfoodweb.com/workshop/accelerator-workshop-october-2026/,Gallery,gallery 6,workshop accelerator-workshop-october-2026/workshop accelerator-workshop-october-2026 - Gallery - gallery 6.jpg,A huge black statue of a face with crowds of visitors below,,704 x 528 (shown at 352 x 264 on a 1440 px screen)
https://new.soilfoodweb.com/workshop/accelerator-workshop-october-2026/,Gallery,gallery 7,workshop accelerator-workshop-october-2026/workshop accelerator-workshop-october-2026 - Gallery - gallery 7.jpg,Six people smiling at a long dinner table,,704 x 528 (shown at 352 x 264 on a 1440 px screen)
https://new.soilfoodweb.com/workshop/accelerator-workshop-october-2026/,Gallery,gallery 8,workshop accelerator-workshop-october-2026/workshop accelerator-workshop-october-2026 - Gallery - gallery 8.jpg,Students working at microscopes along a table in a classroom,,704 x 528 (shown at 352 x 264 on a 1440 px screen)
https://new.soilfoodweb.com/workshop/accelerator-workshop-october-2026/,Gallery,gallery 9,workshop accelerator-workshop-october-2026/workshop accelerator-workshop-october-2026 - Gallery - gallery 9.jpg,Students gathered around a stand of funnels and tubes,,704 x 528 (shown at 352 x 264 on a 1440 px screen)
https://new.soilfoodweb.com/workshop/accelerator-workshop-october-2026/,Gallery,gallery 10,workshop accelerator-workshop-october-2026/workshop accelerator-workshop-october-2026 - Gallery - gallery 10.jpg,A woman in a green cap pulling material from a compost pile in a greenhouse,,704 x 528 (shown at 352 x 264 on a 1440 px screen)
https://new.soilfoodweb.com/workshop/accelerator-workshop-october-2026/,Gallery,gallery 11,workshop accelerator-workshop-october-2026/workshop accelerator-workshop-october-2026 - Gallery - gallery 11.jpg,A woman in a wide-brimmed hat and plaid shirt talking outdoors beside a wire cage,,704 x 528 (shown at 352 x 264 on a 1440 px screen)
https://new.soilfoodweb.com/calendar-event/aw-costa-rica-2027/,Accelerator Workshop | Costa Rica January 2027,body image 1,calendar-event aw-costa-rica-2027/calendar-event aw-costa-rica-2027 - Accelerator Workshop Costa Rica January 2027 - body image 1.jpg,People building a compost pile of woody material by hand,,1726 x 1294 (shown at 863 x 647 on a 1440 px screen)
https://new.soilfoodweb.com/calendar-event/aw-new-mexico-usa-2027/,Accelerator Workshop | New Mexico USA,body image 1,calendar-event aw-new-mexico-usa-2027/calendar-event aw-new-mexico-usa-2027 - Accelerator Workshop New Mexico USA - body image 1.jpg,Group in purple T-shirts posing around a sign reading Elaine.,,1726 x 1294 (shown at 863 x 647 on a 1440 px screen)
https://new.soilfoodweb.com/calendar-event/aw-uk-2027/,Accelerator Workshop | UK,body image 1,calendar-event aw-uk-2027/calendar-event aw-uk-2027 - Accelerator Workshop UK - body image 1.jpg,Gloved hands holding a tuft of hair against a wire compost cage,,1416 x 1944 (shown at 708 x 972 on a 1440 px screen)
https://new.soilfoodweb.com/calendar-event/aw-uk-2027/,Accelerator Workshop | UK,body image 2,calendar-event aw-uk-2027/calendar-event aw-uk-2027 - Accelerator Workshop UK - body image 2.jpg,Fresh green clippings and wool on a blue tarp beside buckets,,1436 x 1360 (shown at 718 x 680 on a 1440 px screen)
https://new.soilfoodweb.com/calendar-event/aw-uk-2027/,Accelerator Workshop | UK,body image 3,calendar-event aw-uk-2027/calendar-event aw-uk-2027 - Accelerator Workshop UK - body image 3.jpg,A woman holding several compost thermometers over a black bucket,,1420 x 1920 (shown at 710 x 960 on a 1440 px screen)
https://new.soilfoodweb.com/calendar-event/aw-uk-2027/,Accelerator Workshop | UK,body image 4,calendar-event aw-uk-2027/calendar-event aw-uk-2027 - Accelerator Workshop UK - body image 4.jpg,Hands holding compost thermometers in a bucket of compost,,1404 x 1372 (shown at 702 x 686 on a 1440 px screen)
https://new.soilfoodweb.com/calendar-event/aw-uk-2027/,Accelerator Workshop | UK,body image 5,calendar-event aw-uk-2027/calendar-event aw-uk-2027 - Accelerator Workshop UK - body image 5.jpg,A laughing woman in an apron watering a wire compost cage with a blue hose,,1424 x 1808 (shown at 712 x 904 on a 1440 px screen)
https://new.soilfoodweb.com/calendar-event/aw-uk-2027/,Accelerator Workshop | UK,body image 6,calendar-event aw-uk-2027/calendar-event aw-uk-2027 - Accelerator Workshop UK - body image 6.jpg,"People crouching around a small heap of feedstock, one holding a white tray",,1408 x 1376 (shown at 704 x 688 on a 1440 px screen)
https://new.soilfoodweb.com/calendar-event/aw-uk-2027/,Accelerator Workshop | UK,body image 7,calendar-event aw-uk-2027/calendar-event aw-uk-2027 - Accelerator Workshop UK - body image 7.jpg,"Five people posing around a tall wire compost cage on a pallet, in a barn",,1726 x 2302 (shown at 863 x 1151 on a 1440 px screen)
https://new.soilfoodweb.com/calendar-event/biological-liquid-amendments-intensive-course/,Biological Liquid Amendments Intensive Course,body image 1,calendar-event biological-liquid-amendments-intensive-course/calendar-event biological-liquid-amendments-intensive-course - Biological Liquid Amendments Intensive Course - body image 1.jpg,Three white buckets of brewing compost tea with air tubes.,,1726 x 970 (shown at 863 x 485 on a 1440 px screen)
https://new.soilfoodweb.com/calendar-event/compost-intensive-course-2027-cohort-1/,Compost Intensive Course | 2026 Fall,body image 1,calendar-event compost-intensive-course-2027-cohort-1/calendar-event compost-intensive-course-2027-cohort-1 - Compost Intensive Course 2026 Fall - body image 1.jpg,Compost Intensive Course logo surrounded by compost photos,,1726 x 1294 (shown at 863 x 647 on a 1440 px screen)
https://new.soilfoodweb.com/calendar-event/compost-intensive-course-2027-cohort-1/,Compost Intensive Course | 2026 Fall,body image 2,calendar-event compost-intensive-course-2027-cohort-1/calendar-event compost-intensive-course-2027-cohort-1 - Compost Intensive Course 2026 Fall - body image 2.jpg,"A tall compost pile on a pallet under a roof, with two faces drawn on it",,1726 x 2300 (shown at 863 x 1150 on a 1440 px screen)
https://new.soilfoodweb.com/calendar-event/compost-intensive-course-2027-cohort-2/,Compost Intensive Course | 2027 Jan – March,body image 1,calendar-event compost-intensive-course-2027-cohort-2/calendar-event compost-intensive-course-2027-cohort-2 - Compost Intensive Course 2027 Jan – March - body image 1.jpg,Compost Intensive Course logo surrounded by compost photos,,1726 x 1294 (shown at 863 x 647 on a 1440 px screen)
https://new.soilfoodweb.com/calendar-event/compost-intensive-course-2027-cohort-2/,Compost Intensive Course | 2027 Jan – March,body image 2,calendar-event compost-intensive-course-2027-cohort-2/calendar-event compost-intensive-course-2027-cohort-2 - Compost Intensive Course 2027 Jan – March - body image 2.jpg,"A tall compost pile on a pallet under a roof, with two faces drawn on it",,1726 x 2300 (shown at 863 x 1150 on a 1440 px screen)
https://new.soilfoodweb.com/calendar-event/compost-intensive-course-2027-may-july/,Compost Intensive Course | 2027 May – July,body image 1,calendar-event compost-intensive-course-2027-may-july/calendar-event compost-intensive-course-2027-may-july - Compost Intensive Course 2027 May – July - body image 1.jpg,Compost Intensive Course logo surrounded by compost photos,,1726 x 1294 (shown at 863 x 647 on a 1440 px screen)
https://new.soilfoodweb.com/calendar-event/compost-intensive-course-2027-may-july/,Compost Intensive Course | 2027 May – July,body image 2,calendar-event compost-intensive-course-2027-may-july/calendar-event compost-intensive-course-2027-may-july - Compost Intensive Course 2027 May – July - body image 2.jpg,"A tall compost pile on a pallet under a roof, with two faces drawn on it",,1726 x 2300 (shown at 863 x 1150 on a 1440 px screen)
https://new.soilfoodweb.com/calendar-event/compost-intensive-course-2027-sept-november/,Compost Intensive Course | 2027 Sept – November,body image 1,calendar-event compost-intensive-course-2027-sept-november/calendar-event compost-intensive-course-2027-sept-november - Compost Intensive Course 2027 Sept – November - body image 1.jpg,Compost Intensive Course logo surrounded by compost photos,,1726 x 1294 (shown at 863 x 647 on a 1440 px screen)
https://new.soilfoodweb.com/calendar-event/compost-intensive-course-2027-sept-november/,Compost Intensive Course | 2027 Sept – November,body image 2,calendar-event compost-intensive-course-2027-sept-november/calendar-event compost-intensive-course-2027-sept-november - Compost Intensive Course 2027 Sept – November - body image 2.jpg,"A tall compost pile on a pallet under a roof, with two faces drawn on it",,1726 x 2300 (shown at 863 x 1150 on a 1440 px screen)
https://new.soilfoodweb.com/calendar-event/permaculture-design-certificate-2026-cohort-3/,Permaculture Design Certificate | Spring 2027,body image 1,calendar-event permaculture-design-certificate-2026-cohort-3/calendar-event permaculture-design-certificate-2026-cohort-3 - Permaculture Design Certificate Spring 2027 - body image 1.jpg,Permaculture Design Course logo with certificate text on a sunset background.,,1726 x 1294 (shown at 863 x 647 on a 1440 px screen)
https://new.soilfoodweb.com/calendar-event/permaculture-design-certificate-2027-cohort-1/,Permaculture Design Certificate | 2027 Cohort #1,body image 1,calendar-event permaculture-design-certificate-2027-cohort-1/calendar-event permaculture-design-certificate-2027-cohort-1 - Permaculture Design Certificate 2027 Cohort 1 - body image 1.jpg,Permaculture Design Course logo with certificate text on a sunset background.,,1726 x 1294 (shown at 863 x 647 on a 1440 px screen)
https://new.soilfoodweb.com/calendar-event/permaculture-design-certificate-2027-cohort-2/,Permaculture Design Certificate | Fall 2027,body image 1,calendar-event permaculture-design-certificate-2027-cohort-2/calendar-event permaculture-design-certificate-2027-cohort-2 - Permaculture Design Certificate Fall 2027 - body image 1.jpg,Permaculture Design Course logo with certificate text on a sunset background.,,1726 x 1294 (shown at 863 x 647 on a 1440 px screen)
https://new.soilfoodweb.com/calendar-event/sfw-turns-one/,Community Event | Celebrating Our First Year as a Foundation!,body image 1,calendar-event sfw-turns-one/calendar-event sfw-turns-one - Community Event Celebrating Our First Year as a Foundation! - body image 1.jpg,Group in purple T-shirts posing around a sign reading Elaine.,,1726 x 970 (shown at 863 x 485 on a 1440 px screen)
https://new.soilfoodweb.com/testimonial/amara-okafor/,Amara Okafor,image 1,testimonial amara-okafor/testimonial amara-okafor - Amara Okafor - image 1.jpg,A woman lifting an armful of dark compost out of a wire bin while a man sprays it with a hose,,954 x 1192 (shown at 477 x 596 on a 1440 px screen)
https://new.soilfoodweb.com/testimonial/david-vance/,David Vance,image 1,testimonial david-vance/testimonial david-vance - David Vance - image 1.jpg,Close-up of a man in a cap and glasses,,954 x 1192 (shown at 477 x 596 on a 1440 px screen)
https://new.soilfoodweb.com/testimonial/john-doe/,John Doe,image 1,testimonial john-doe/testimonial john-doe - John Doe - image 1.jpg,A man in a cap squeezing a handful of compost at a wire bin while others watch,,954 x 1192 (shown at 477 x 596 on a 1440 px screen)
https://new.soilfoodweb.com/testimonial/marcus-thorne/,Marcus Thorne,image 1,testimonial marcus-thorne/testimonial marcus-thorne - Marcus Thorne - image 1.jpg,A man with crossed arms standing beside a green Harrington's OrganiCare truck,,954 x 1192 (shown at 477 x 596 on a 1440 px screen)
https://new.soilfoodweb.com/testimonial/yuki-tanaka/,Yuki Tanaka,image 1,testimonial yuki-tanaka/testimonial yuki-tanaka - Yuki Tanaka - image 1.jpg,Dr. Elaine Ingham smiling as she talks at an outdoor table,,954 x 1192 (shown at 477 x 596 on a 1440 px screen)
https://new.soilfoodweb.com/category/blogposts/,Blog,card 1 (The Soil Food Web School Launches Its First-E),category blogposts/category blogposts - Blog - card 1 (The Soil Food Web School Launches Its First-E).jpg,"A graphic reading Education, SFW Launches first ever Permaculture Design Certificate, over raised wooden garden beds planted with onions and greens",,590 x 394 (shown at 295 x 197 on a 1440 px screen)
https://new.soilfoodweb.com/category/blogposts/,Blog,card 2 (2025 in Review A time of transition – honorin),category blogposts/category blogposts - Blog - card 2 (2025 in Review A time of transition – honorin).jpg,Dr. Elaine Ingham in a purple cardigan crouching in a garden among daffodils,,590 x 394 (shown at 295 x 197 on a 1440 px screen)
https://new.soilfoodweb.com/category/blogposts/,Blog,card 3 (October 2025 – Newsletter),category blogposts/category blogposts - Blog - card 3 (October 2025 – Newsletter).jpg,"A graphic reading Blog, October 2025 Newsletter, over a hand holding dark crumbly compost",,590 x 394 (shown at 295 x 197 on a 1440 px screen)
https://new.soilfoodweb.com/category/blogposts/,Blog,card 4 (Student Profile Su Kahumbu Stephanou),category blogposts/category blogposts - Blog - card 4 (Student Profile Su Kahumbu Stephanou).jpg,A woman in sunglasses reaching out to a black-and-white calf over a wooden fence,,590 x 394 (shown at 295 x 197 on a 1440 px screen)
https://new.soilfoodweb.com/category/blogposts/,Blog,card 5 (Celebrating World Soil Day 2024),category blogposts/category blogposts - Blog - card 5 (Celebrating World Soil Day 2024).jpg,"An illustration of two cupped hands holding soil and a seedling on a dark green background, dated 5 December 2024",,590 x 394 (shown at 295 x 197 on a 1440 px screen)
https://new.soilfoodweb.com/category/blogposts/,Blog,card 6 (Harnessing Ernst Gotch’s Agroecological Wisdo),category blogposts/category blogposts - Blog - card 6 (Harnessing Ernst Gotch’s Agroecological Wisdo).jpg,Dense young forest of palms and trees,,590 x 394 (shown at 295 x 197 on a 1440 px screen)
https://new.soilfoodweb.com/category/events/,Events,card 1 (🌱 Join the Free Webinar Series A Living Legac),category events/category events - Events - card 1 (🌱 Join the Free Webinar Series A Living Legac).jpg,"A graphic reading Events, A Living Legacy, join the free webinar series, beside a portrait of Dr. Elaine Ingham smiling",,590 x 394 (shown at 295 x 197 on a 1440 px screen)
https://new.soilfoodweb.com/category/events/,Events,card 2 (Soil Health Week 2025 Wild Soils UK and Trash),category events/category events - Events - card 2 (Soil Health Week 2025 Wild Soils UK and Trash).jpg,"A graphic reading Events, Soil Health Week 2025, beside three people with a Soil Health Week banner",,590 x 394 (shown at 295 x 197 on a 1440 px screen)
https://new.soilfoodweb.com/category/events/,Events,"card 3 (Help us celebrate food, knowledge and culture)","category events/category events - Events - card 3 (Help us celebrate food, knowledge and culture).jpg","A graphic reading Events, Help us celebrate food, knowledge and culture in Sacramento this September, over rows of young carrot plants",,590 x 394 (shown at 295 x 197 on a 1440 px screen)
https://new.soilfoodweb.com/category/features/,Features,card 1 (2025 in Review A time of transition – honorin),category features/category features - Features - card 1 (2025 in Review A time of transition – honorin).jpg,Dr. Elaine Ingham in a purple cardigan crouching in a garden among daffodils,,590 x 394 (shown at 295 x 197 on a 1440 px screen)
https://new.soilfoodweb.com/category/foundation-update/,Foundation Update,card 1 (Obituary for Dr. Elaine Ingham),category foundation-update/category foundation-update - Foundation Update - card 1 (Obituary for Dr. Elaine Ingham).jpg,"A graphic reading In Memoriam, Obituary for Dr. Elaine Ingham, over a large group in purple shirts gathered outdoors around a sign reading Elaine",,590 x 394 (shown at 295 x 197 on a 1440 px screen)
https://new.soilfoodweb.com/category/foundation-update/,Foundation Update,card 2 (The Soil Food Web Welcomes a New Board Member),category foundation-update/category foundation-update - Foundation Update - card 2 (The Soil Food Web Welcomes a New Board Member).jpg,"A graphic reading Foundation Update, The Soil Food Web Welcomes a New Board Member, Eric Feiler, over a green landscape of trees and fields",,590 x 394 (shown at 295 x 197 on a 1440 px screen)
https://new.soilfoodweb.com/category/microscopy/,Microscopy,card 1 (A Fresh sMApp),category microscopy/category microscopy - Microscopy - card 1 (A Fresh sMApp).jpg,"A graphic reading Microscopy, A Fresh sMApp, beside a tablet showing a chart, a microscope, and a laptop open on the sMApp client portfolio",,590 x 394 (shown at 295 x 197 on a 1440 px screen)
https://new.soilfoodweb.com/category/microscopy/,Microscopy,card 2 (How a rare microbe find helps deduce the prob),category microscopy/category microscopy - Microscopy - card 2 (How a rare microbe find helps deduce the prob).jpg,"A graphic reading Microscopy, Ciliates, Cysts, and the Clues Hiding in a Struggling Watermelon Crop, over a microscope view of soil organisms and a cyst",,590 x 394 (shown at 295 x 197 on a 1440 px screen)
https://new.soilfoodweb.com/category/newsletter/,Newsletter,card 1 (October 2025 – Newsletter),category newsletter/category newsletter - Newsletter - card 1 (October 2025 – Newsletter).jpg,"A graphic reading Blog, October 2025 Newsletter, over a hand holding dark crumbly compost",,590 x 394 (shown at 295 x 197 on a 1440 px screen)
https://new.soilfoodweb.com/category/school-update/,Community,card 1 (A Fresh sMApp),category school-update/category school-update - Community - card 1 (A Fresh sMApp).jpg,"A graphic reading Microscopy, A Fresh sMApp, beside a tablet showing a chart, a microscope, and a laptop open on the sMApp client portfolio",,590 x 394 (shown at 295 x 197 on a 1440 px screen)
https://new.soilfoodweb.com/category/school-updates/,School Updates,card 1 (A Fresh sMApp),category school-updates/category school-updates - School Updates - card 1 (A Fresh sMApp).jpg,"A graphic reading Microscopy, A Fresh sMApp, beside a tablet showing a chart, a microscope, and a laptop open on the sMApp client portfolio",,590 x 394 (shown at 295 x 197 on a 1440 px screen)
https://new.soilfoodweb.com/category/school-updates/,School Updates,card 2 (The Soil Food Web School Launches Its First-E),category school-updates/category school-updates - School Updates - card 2 (The Soil Food Web School Launches Its First-E).jpg,"A graphic reading Education, SFW Launches first ever Permaculture Design Certificate, over raised wooden garden beds planted with onions and greens",,590 x 394 (shown at 295 x 197 on a 1440 px screen)
https://new.soilfoodweb.com/category/school-updates/,School Updates,card 3 (Soil Food Web School Advanced Programs Are Re),category school-updates/category school-updates - School Updates - card 3 (Soil Food Web School Advanced Programs Are Re).jpg,"A graphic reading School Updates, Soil Food Web School Advanced Programs Are Reopening, beside students working at microscopes along a table",,590 x 394 (shown at 295 x 197 on a 1440 px screen)
https://new.soilfoodweb.com/category/school-updates/,School Updates,card 4 (Soil Food Web Foundation Launches as Nonprofi),category school-updates/category school-updates - School Updates - card 4 (Soil Food Web Foundation Launches as Nonprofi).jpg,"A graphic reading Foundation Update, Soil Food Web Foundation Launches as Nonprofit, beside Dr. Elaine Ingham smiling in a sunny garden",,590 x 394 (shown at 295 x 197 on a 1440 px screen)
https://new.soilfoodweb.com/category/school-updates/,School Updates,card 5 (Retirement Announcement Dr. Elaine Ingham),category school-updates/category school-updates - School Updates - card 5 (Retirement Announcement Dr. Elaine Ingham).jpg,"A graphic reading School Updates, Retirement Announcement: Dr. Elaine Ingham, beside Dr. Elaine Ingham smiling at an outdoor table",,590 x 394 (shown at 295 x 197 on a 1440 px screen)
https://new.soilfoodweb.com/category/science-education/,Science & Education,card 1 (How a rare microbe find helps deduce the prob),category science-education/category science-education - Science & Education - card 1 (How a rare microbe find helps deduce the prob).jpg,"A graphic reading Microscopy, Ciliates, Cysts, and the Clues Hiding in a Struggling Watermelon Crop, over a microscope view of soil organisms and a cyst",,590 x 394 (shown at 295 x 197 on a 1440 px screen)
https://new.soilfoodweb.com/category/uncategorized/,Uncategorized,card 1 (What exactly is Brownian motion),category uncategorized/category uncategorized - Uncategorized - card 1 (What exactly is Brownian motion).jpg,"Small particles and a faint streak on a pale background, seen under a microscope",,590 x 394 (shown at 295 x 197 on a 1440 px screen)
