title,year,link,blurb,source
"The Soil Biology Primer, chapters 1 to 5",1999,https://www.nrcs.usda.gov/resources/education-and-teaching-materials/soil-biology-primer,"Dr. Ingham's free, plain-language introduction to soil bacteria, fungi, protozoa and nematodes, written for the US Department of Agriculture. The best first read for anyone new to soil biology.","brief from Linnea Moritz, 3 Oct 2026"
"Interactions of bacteria, fungi and their nematode grazers",1985,https://scholar.google.com/citations?view_op=view_citation&hl=en&user=iOm3z4AAAAAJ&citation_for_view=iOm3z4AAAAAJ:RYcK_YlVTxYC,Shows that nematodes grazing on bacteria and fungi release nitrogen that plants then take up. This is the core idea behind the soil food web approach.,"brief from Linnea Moritz, 3 Oct 2026"
The detrital food web in a short grass prairie,1987,https://scholar.google.com/citations?view_op=view_citation&hl=en&user=iOm3z4AAAAAJ&citation_for_view=iOm3z4AAAAAJ:9ZlFYXVOiuMC,"One of the first studies to map and measure a whole soil food web, organism group by organism group. Later soil food web models build on it.","brief from Linnea Moritz, 3 Oct 2026"
Review of the effects of twelve selected biocides on target and non-target soil organisms,1985,https://new.soilfoodweb.com/publication/review-of-the-effects-of-twelve-selected-biocides-on-target-and-non-target-soil-organisms/,Reviews what common pesticides do to the soil life they were never meant to hit. Useful for anyone weighing chemical inputs.,"brief from Linnea Moritz, 3 Oct 2026"
The Compost Tea Brewing Manual,2000,https://scholar.google.com/citations?view_op=view_citation&hl=en&user=iOm3z4AAAAAJ&citation_for_view=iOm3z4AAAAAJ:HoB7MX3m0LUC,"Dr. Ingham's practical guide to making aerobic compost tea, the method taught in the Soil Food Web School courses.","brief from Linnea Moritz, 3 Oct 2026"
Fungal-bacterial diversity and microbiome complexity predict ecosystem functioning,2019,https://doi.org/10.1038/s41467-019-12798-y,A recent large study from outside our network. Soils with more diverse and better-connected fungi and bacteria performed more ecosystem functions.,"brief from Linnea Moritz, 3 Oct 2026"
"Relationship between fluorescein diacetate-stained hyphae and oxygen utilization, glucose utilization and biomass of submerged fungal batch cultures",1982,https://doi.org/10.1128/aem.44.2.363-370.1982,"Tests whether fungal threads that pick up fluorescein diacetate stain are truly active, and finds the stain tracks growth, oxygen use and sugar use in lab-grown fungi.",https://openalex.org/W2108634486
The effect of chloroform on protozoa and other soil inhabitants,1982,https://new.soilfoodweb.com/publication/the-effect-of-chloroform-on-protozoa-and-other-soil-inhabitants/,A short report on how chloroform fumigation affects soil protozoa and other small soil organisms. [from title],title only
Ultraviolet-induced autofluorescence of arbuscular mycorrhizal root infections: An alternative to clearing and staining methods for assessing infections,1982,https://scholar.google.com/citations?view_op=view_citation&hl=en&user=iOm3z4AAAAAJ&citation_for_view=iOm3z4AAAAAJ:Se3iqnhoufwC,"Arbuscules, the tiny feeding structures of mycorrhizal fungi inside roots, glow under ultraviolet light, which gives a quicker way to measure root colonization than clearing and staining.",https://openalex.org/W2073605915
Ultraviolet-induced autofluorescence: a new method for detecting and quantifying vesicular-arbuscular mycorrhizal root infections,1982,https://new.soilfoodweb.com/publication/ultraviolet-induced-autofluorescence-a-new-method-for-detecting-and-quantifying-vesicular-arbuscular-mycorrhizal-root-infections/,Describes using ultraviolet light to spot and measure mycorrhizal fungi inside plant roots without the usual staining work. [from title],title only
"Effects of streptomycin, cycloheximide, fungizone, captan, carbofuran, cygon and PCNB on soil microbe populations and nutrient cycling",1984,https://scholar.google.com/citations?view_op=view_citation&hl=en&user=iOm3z4AAAAAJ&citation_for_view=iOm3z4AAAAAJ:aqlVkmm33-oC,"Looks at how a set of common antibiotics, fungicides and insecticides change soil microbe numbers and the cycling of nutrients. [from title]",title only
Phosphatase activity of Penicillium citrinum submerged batch cultures and its relationship to fungal activity,1984,https://doi.org/10.1007/BF02206894,Lab study linking the phosphorus-releasing enzyme activity of a common soil fungus to how active that fungus is. [from title],title only
Rhizosphere bacterial population responses to root colonization by a vesicular-arbuscular mycorrhizal fungus,1984,https://scholar.google.com/citations?view_op=view_citation&hl=en&user=iOm3z4AAAAAJ&citation_for_view=iOm3z4AAAAAJ:Zph67rFs4hoC,Looks at how a mycorrhizal fungus on blue grama roots changes the bacteria living around those roots: some bacterial groups dropped while one species increased.,https://openalex.org/W2082011586
Soil fungi: Measurement of hyphal length,1984,https://doi.org/10.1016/0038-0717(84)90015-4,A short method note on how to measure the length of fungal threads in soil. [from title],title only
Soil fungi: Relationships between hyphal activity and staining with fluorescein diacetate,1984,https://doi.org/10.1016/0038-0717(84)90014-2,Checks whether a fluorescent stain can tell active soil fungi apart from inactive ones. [from title],title only
Filter-out grazers (FOG): A filtration experiment for separating protozoan grazers in soil,1985,https://doi.org/10.1007/BF00255133,"Sets out a filtering method that separates protozoa from the rest of the soil community, so their effect can be studied. [from title]",title only
"Interactions of bacteria, fungi and their nematode grazers: Effects on nutrient cycling and plant growth",1985,https://scholar.google.com/citations?view_op=view_citation&hl=en&user=iOm3z4AAAAAJ&citation_for_view=iOm3z4AAAAAJ:RYcK_YlVTxYC,"Plants grown with bacteria and the nematodes that eat them grew faster and took up more nitrogen, because the grazing nematodes released nitrogen the plants could use.",https://openalex.org/W2088335415
Responses of microbial components of the rhizosphere to plant management strategies in semiarid rangeland,1985,https://doi.org/10.1007/BF02197801,Compares the microbes living around roots under different ways of managing plants on dry rangeland. [from title],title only
Review of the effects of twelve selected biocides on target and non-target soil organisms,1985,https://new.soilfoodweb.com/publication/review-of-the-effects-of-twelve-selected-biocides-on-target-and-non-target-soil-organisms/,"Reviews what common pesticides do to the soil life they were never meant to hit, useful for anyone weighing chemical inputs. [from title]",title only
"Manipulation of bacteria, fungi and protozoa by biocides in lodgepole pine forest soil microcosms: Effects on organism interactions and nitrogen mineralization",1986,https://doi.org/10.4141/cjss86-028,"Uses selective biocides in forest soil to show how cutting back bacteria, fungi or protozoa changes how much plant-available nitrogen the soil releases.",https://openalex.org/W1993205640
"Trophic interactions and nitrogen cycling in a semiarid grassland soil. Part I. Seasonal dynamics of the natural populations, their interactions and effects on nitrogen cycling",1986,https://scholar.google.com/citations?view_op=view_citation&hl=en&user=iOm3z4AAAAAJ&citation_for_view=iOm3z4AAAAAJ:u5HHmVD_uO8C,"Follows soil bacteria, fungi, protozoa and nematodes through the seasons in a dry grassland, and how their feeding links drive nitrogen cycling. [from title]",title only
Trophic interactions and nitrogen cycling in a semiarid grassland soil. Part II. System responses to removal of different groups of soil microbes or fauna,1986,https://scholar.google.com/citations?view_op=view_citation&hl=en&user=iOm3z4AAAAAJ&citation_for_view=iOm3z4AAAAAJ:CHSYGLWDkRkC,Removes selected groups of soil microbes or animals from grassland soil to see how each group affects nitrogen cycling. [from title],title only
"Bacterial, fungal and protozoan responses to chloroform fumigation in stored prairie soil",1987,https://scholar.google.com/citations?view_op=view_citation&hl=en&user=iOm3z4AAAAAJ&citation_for_view=iOm3z4AAAAAJ:hC7cP41nSMkC,"Measures how bacteria, fungi and protozoa in stored prairie soil respond to chloroform fumigation, a common step in biomass tests. [from title]",title only
"Inter- and intraspecific feeding selectivity of Folsomia candida (Willem) (Collembola, Isotomidae) on fungi: Method development and ecological consequences",1987,https://scholar.google.com/citations?view_op=view_citation&hl=en&user=iOm3z4AAAAAJ&citation_for_view=iOm3z4AAAAAJ:D03iK_w7-QYC,"Develops a way to test which fungi springtails prefer to eat, and what those food choices mean for soil ecology. [from title]",title only
The detrital food web in a short grass prairie,1987,https://scholar.google.com/citations?view_op=view_citation&hl=en&user=iOm3z4AAAAAJ&citation_for_view=iOm3z4AAAAAJ:9ZlFYXVOiuMC,Maps and measures the detrital food web of a short grass prairie: the soil organisms that feed on dead plant material and on each other. [from title],title only
"Carbon, nitrogen, phosphorus and sulfur cycling in terrestrial ecosystems",1988,https://doi.org/10.1007/BF02180315,"An overview of how carbon, nitrogen, phosphorus and sulfur move through land ecosystems. [from title]",title only
Early patterns of heterotroph activity in conifer logs,1988,https://www.cambridge.org/core/journals/proceedings-of-the-royal-society-of-edinburgh-section-b-biological-sciences/article/abs/early-patterns-of-heterotroph-activity-in-conifer-logs/6261E9D64E9229199D30E72B33CC7154,"Early results from a long-term study of rotting conifer logs, showing how bark and ambrosia beetles open channels and carry in the first decomposer community.",https://openalex.org/W2268102040
Interactions between soil animals and ectomycorrhizal fungal mats,1988,https://doi.org/10.1016/0167-8809(88)90063-1,Explores how small soil animals interact with the dense mats that mycorrhizal fungi form under forest trees. [from title],title only
"Nitrogen limitation of decomposition and primary production in short grass, mountain meadow and lodgepole pine forest",1988,https://doi.org/10.2307/1941256,"Decomposition and plant growth were tested against added or reduced nitrogen in prairie, meadow and pine forest; each leaf litter broke down fastest in its home ecosystem.",https://openalex.org/W2113950208
Report on the selection of several potentially critical terrestrial systems,1988,https://new.soilfoodweb.com/publication/report-on-the-selection-of-several-potentially-critical-terrestrial-systems/,A report for the US Environmental Protection Agency on choosing land ecosystems that may be most at risk. [from title],title only
Social and economic concerns with respect to the choice of critical terrestrial ecosystems,1988,https://new.soilfoodweb.com/publication/social-and-economic-concerns-with-respect-to-the-choice-of-critical-terrestrial-ecosystems/,Considers the social and economic questions involved in deciding which land ecosystems to treat as critical. [from title],title only
A general model of biotic interactions,1989,https://new.soilfoodweb.com/publication/a-general-model-of-biotic-interactions/,"Sets out a general model of how living organisms interact with each other, prepared for the US Environmental Protection Agency. [from title]",title only
"Analysis of food-web structure and function in a short grass prairie, a mountain meadow and lodgepole pine forest",1989,https://doi.org/10.1007/BF00260513,"Compares how soil food webs are built and how they function in a prairie, a mountain meadow and a pine forest. [from title]",title only
"Seasonal and faunal effects on decomposition in semiarid prairie, meadow and lodgepole pine forest",1990,https://doi.org/10.1016/S0031-4056(24)00022-2,"Looks at how season and soil animals affect the breakdown of plant litter in prairie, meadow and pine forest. [from title]",title only
Use of staining and inhibitors to separate fungal and bacterial activity in soil,1990,https://scholar.google.com/citations?view_op=view_citation&hl=en&user=iOm3z4AAAAAJ&citation_for_view=iOm3z4AAAAAJ:pyW8ca7W8N0C,Shows how stains and selective inhibitors can be used to tell fungal activity apart from bacterial activity in soil. [from title],title only
A comparison of agar film techniques for estimating fungal biovolumes in litter and soil,1991,https://doi.org/10.1016/0167-8809(91)90101-3,Compares agar film methods for estimating how much fungus is in leaf litter and soil. [from title],title only
Bioresponse of nontarget organisms resulting from the use of chloropicrin to control laminated root rot in a northwest conifer forest,1991,https://new.soilfoodweb.com/publication/bioresponse-of-nontarget-organisms-resulting-from-the-use-of-chloropicrin-to-control-laminated-root-rot-in-a-northwest-conifer-forest/,Reports how soil organisms that were not the target responded when chloropicrin was used against laminated root rot in a conifer forest. [from title],title only
Comparison of direct versus fumigation incubation microbial biomass estimates in ectomycorrhizal mat and non-mat soils,1991,https://scholar.google.com/citations?view_op=view_citation&hl=en&user=iOm3z4AAAAAJ&citation_for_view=iOm3z4AAAAAJ:iH-uZ7U-co4C,Compares two ways of estimating microbial biomass in forest soils with and without dense fungal mats. [from title],title only
"Interactions among mycorrhizal fungi, rhizosphere organisms, and plants",1991,https://andrewsforest.oregonstate.edu/publications/967,"Explains how mycorrhizal fungi change root exudates, nutrient uptake and the wider root-zone food web, with knock-on effects on disease, decomposition, soil structure and plant competition.",https://andrewsforest.oregonstate.edu/sites/default/files/lter/pubs/pdf/pub967.pdf
Microbial characteristics of ectomycorrhizal mat communities in Oregon and California,1991,https://doi.org/10.1007/BF00335767,Describes the microbes found in dense mycorrhizal fungal mats in forest soils of Oregon and California. [from title],title only
Reduction of microbial and faunal groups following application of streptomycin and captan in Georgia no-till agroecosystems,1991,https://new.soilfoodweb.com/publication/reduction-of-microbial-and-faunal-groups-following-application-of-streptomycin-and-captan-in-georgia-no-till-agroecosystems/,Tracks which soil microbes and small animals declined after an antibiotic and a fungicide were applied in no-till fields in Georgia. [from title],title only
Decomposition of fallen trees: Effects of initial conditions and heterotroph colonization rates,1992,https://andrewsforest.oregonstate.edu/sites/default/files/lter/pubs/pdf/pub1122.pdf,"Following newly cut conifer logs for two years shows that the insects and decomposers that move in first, plus the log's own chemistry, shape how fallen trees rot.",https://andrewsforest.oregonstate.edu/sites/default/files/lter/pubs/pdf/pub1122.pdf
Evaluation of terrestrial indicators for use in ecological assessments at hazardous waste sites,1992,https://new.soilfoodweb.com/publication/evaluation-of-terrestrial-indicators-for-use-in-ecological-assessments-at-hazardous-waste-sites/,A US Environmental Protection Agency report weighing which soil and land indicators work best for assessing hazardous waste sites. [from title],title only
The functional significance and regulation of soil biodiversity: An executive summary of the Soil Ecology Society meeting,1993,https://new.soilfoodweb.com/publication/the-functional-significance-and-regulation-of-soil-biodiversity-an-executive-summary-of-the-soil-ecology-society-meeting/,Summarises a Soil Ecology Society meeting on why soil biodiversity matters and what regulates it. [from title],title only
The sustainable biosphere initiative: A commentary from the U.S. Soil Ecology Society,1993,https://new.soilfoodweb.com/publication/the-sustainable-biosphere-initiative-a-commentary-from-the-u-s-soil-ecology-society/,"The US Soil Ecology Society's response to the Sustainable Biosphere Initiative, making the case for soil ecology research. [from title]",title only
Use of soil foodweb structure and function to assess superfund sites,1993,https://new.soilfoodweb.com/publication/use-of-soil-foodweb-structure-and-function-to-assess-superfund-sites/,Proposes using the structure and function of the soil food web to assess contaminated Superfund sites. [from title],title only
Population responses of target and non-target forest-soil organisms to selected biocides,1994,https://scholar.google.com/citations?view_op=view_citation&hl=en&user=iOm3z4AAAAAJ&citation_for_view=iOm3z4AAAAAJ:g5m5HwL7SMYC,"Measures how forest soil organisms, both targeted and untargeted, respond to selected pesticides. [from title]",title only
Protozoan communities around conifer roots colonized by ectomycorrhizal fungi,1994,https://doi.org/10.1007/BF00204020,Describes the protozoa living around conifer roots that carry mycorrhizal fungi. [from title],title only
Soil organisms and forest health,1994,https://new.soilfoodweb.com/publication/soil-organisms-and-forest-health/,A magazine piece on how soil organisms support healthy forests. [from title],title only
Soil protozoa,1994,https://new.soilfoodweb.com/publication/soil-protozoa/,A methods chapter on how to sample and count protozoa in soil. [from title],title only
Standard Operating Procedure for Total Bacteria,1994,https://new.soilfoodweb.com/publication/standard-operating-procedure-for-total-bacteria/,"A standard lab procedure for counting total bacteria in soil, written for a US Environmental Protection Agency program. [from title]",title only
"Use of sulfamethoxazole-penicillin, oxytetracycline, carbofuran, carbaryl, naphthalene and Temik to remove key organism groups in soil in a corn agroecosystem",1994,https://doi.org/10.1300/J064v04n03_03,"Tests which pesticides can knock out particular soil organism groups for research, and finds most insecticides tested left bacteria, fungi and protozoa largely unaffected.",https://openalex.org/W2150808842
"Assessing interactions between the soil foodweb and a strain of Pseudomonas putida genetically engineered to degrade 2,4-D",1995,https://new.soilfoodweb.com/publication/assessing-interactions-between-the-soil-foodweb-and-a-strain-of-pseudomonas-putida-genetically-engineered-to-degrade-24-d/,"Tests how a genetically engineered bacterium made to break down the herbicide 2,4-D interacts with the soil food web. [from title]",title only
Biosafety regulation,1995,https://new.soilfoodweb.com/publication/biosafety-regulation/,"A report on how the release of genetically engineered organisms is, and should be, regulated for safety. [from title]",title only
Biosafety regulations: A critique of existing documents,1995,https://new.soilfoodweb.com/publication/biosafety-regulations-a-critique-of-existing-documents/,Critiques existing biosafety regulations for genetically engineered organisms and points out their gaps. [from title],title only
"Microflora and microfauna on stems and trunks: Diversity, food webs and effects on plants",1995,https://doi.org/10.1016/B978-012276460-8/50013-8,"A book chapter on the microbes and tiny animals living on plant stems and tree trunks, and how they affect plants. [from title]",title only
Standard Operating Procedure for Microbial Population Dynamics,1995,https://new.soilfoodweb.com/publication/standard-operating-procedure-for-microbial-population-dynamics/,A standard lab procedure for measuring how soil microbe populations change over time. [from title],title only
Standard Operating Procedure for Nematode Population and Community Structure,1995,https://new.soilfoodweb.com/publication/standard-operating-procedure-for-nematode-population-and-community-structure/,A standard lab procedure for counting soil nematodes and identifying their feeding groups. [from title],title only
Standard Operating Procedure for Protozoan Populations and Community Structure,1995,https://new.soilfoodweb.com/publication/standard-operating-procedure-for-protozoan-populations-and-community-structure/,A standard lab procedure for counting soil protozoa and describing their community. [from title],title only
Foundations of bio-diversity in managed Douglas-fir forests,1996,https://new.soilfoodweb.com/publication/foundations-of-bio-diversity-in-managed-douglas-fir-forests/,"Discusses what underpins biodiversity in managed Douglas-fir forests, with attention to soil life. [from title]",title only
Responses of soil foodweb organisms in the first year following clearcutting and application of chloropicrin to control laminated root rot,1996,https://doi.org/10.1016/0929-1393(95)00075-5,Tracks how soil food web organisms responded in the first year after clearcutting and chloropicrin treatment for laminated root rot. [from title],title only
Changes in rhizosphere microflora and microfauna 10 years following Douglas-fir live tree injection with chloropicrin or methylisothiocyanate,1997,https://doi.org/10.1139/x97-051,"Ten years after Douglas-fir trees were injected with fumigants to fight root rot, the soil around their roots still had less active fungi, fewer bacteria and changed nematode numbers.",https://openalex.org/W1964996281
Chemistry and microbial activity of forest and pasture riparian-zone soils along three Pacific Northwest streams,1997,https://doi.org/10.1023/A:1004211121095,Compares soil chemistry and microbial activity next to streams in forest and pasture land in the Pacific Northwest. [from title],title only
Conventional and organic alternatives to methyl bromide on California strawberries: Effect of Brassica residues and spent mushroom compost following successive chemical fumigation,1997,https://doi.org/10.1080/1065657X.1997.10701871,"On a California strawberry field, one round of broccoli residue or mushroom compost did not rebuild the soil food web enough to replace methyl bromide fumigation.",https://openalex.org/W2045505348
"Soil foodweb structure and function in forests: A comparison of conifer, deciduous, riparian and managed forests",1997,https://new.soilfoodweb.com/publication/soil-foodweb-structure-and-function-in-forests-a-comparison-of-conifer-deciduous-riparian-and-managed-forests/,"Compares soil food webs under conifer, broadleaf, streamside and managed forests. [from title]",title only
Soil microbiology,1997,https://new.soilfoodweb.com/publication/soil-microbiology/,A textbook chapter introducing soil microbiology. [from title],title only
Ectomycorrhizae establishment on Douglas-fir seedlings following chloropicrin treatment to control laminated-root rot disease: Assessment 4 and 5 years after outplanting,1998,https://www.sciencedirect.com/science/article/pii/S092913939800033X,Checks whether mycorrhizal fungi established on Douglas-fir seedlings four and five years after chloropicrin treatment for root rot. [from title],title only
Foodweb methodology to assess ecological effects of anthropogenic stressors in soil,1998,https://new.soilfoodweb.com/publication/foodweb-methodology-to-assess-ecological-effects-of-anthropogenic-stressors-in-soil/,Describes how to use the soil food web to judge the ecological damage that human stresses cause to soil. [from title],title only
Soil organisms and their role in healthy turf,1998,https://new.soilfoodweb.com/publication/soil-organisms-and-their-role-in-healthy-turf/,A magazine article for turf managers on how soil organisms keep turf healthy. [from title],title only
Soil view: Anaerobic bacteria and compost tea,1998,https://new.soilfoodweb.com/publication/soil-view-anaerobic-bacteria-and-compost-tea/,A short column on anaerobic bacteria and what they mean for compost tea quality. [from title],title only
Sustainable agriculture and the ecology of soil,1998,https://new.soilfoodweb.com/publication/sustainable-agriculture-and-the-ecology-of-soil/,Links sustainable farming to the ecology of soil life. [from title],title only
"Compost tea, Part I & II",1999,https://new.soilfoodweb.com/publication/compost-tea-part-i-ii/,A two-part magazine introduction to compost tea. [from title],title only
Dynamics of soil fungal and bacterial biomass in a temperate climate alley cropping system,1999,https://doi.org/10.1016/S0929-1393(98)00163-2,Follows how fungal and bacterial biomass in soil changes over time in an alley cropping system. [from title],title only
Effects of Klebsiella planticola SDF20 on soil biota and wheat growth in sandy soil,1999,https://doi.org/10.1016/S0929-1393(98)00129-2,"Tests the effects of a genetically engineered bacterium, Klebsiella planticola SDF20, on soil life and wheat growth in sandy soil. [from title]",title only
Soil biology and ecology,1999,https://new.soilfoodweb.com/publication/soil-biology-and-ecology/,A reference chapter introducing soil biology and ecology. [from title],title only
The Compost Tea Handbook 1.1,1999,https://new.soilfoodweb.com/publication/the-compost-tea-handbook-1-1/,A handbook on making and using compost tea. [from title],title only
The mycorrhizal colonization of six wetland plant species at sites differing in land use history,1999,https://doi.org/10.1007/s005720050272,Compares mycorrhizal colonization in six wetland plants at sites with different land-use histories. [from title],title only
"The Soil Biology Primer, Chapters 1-5: The Soil Foodweb; Soil Bacteria; Soil Fungi; Soil Protozoa; Soil Nematodes",1999,https://www.nrcs.usda.gov/resources/education-and-teaching-materials/soil-biology-primer,"Dr. Ingham's free, plain-language introduction to soil bacteria, fungi, protozoa and nematodes, written for the US Department of Agriculture. [from title]",title only
Brewing compost tea,2000,https://new.soilfoodweb.com/publication/brewing-compost-tea/,A gardening magazine guide to brewing compost tea. [from title],title only
The Compost Tea Brewing Manual,2000,https://scholar.google.com/citations?view_op=view_citation&hl=en&user=iOm3z4AAAAAJ&citation_for_view=iOm3z4AAAAAJ:HoB7MX3m0LUC,"Dr. Ingham's practical guide to making aerobic compost tea, the method taught in the Soil Food Web School courses. [from title]",title only
The functional roles of forest soil arthropods: The soil is a lively place,2000,https://new.soilfoodweb.com/publication/the-functional-roles-of-forest-soil-arthropods-the-soil-is-a-lively-place/,"A conference paper on the many jobs forest soil arthropods do, and why the soil is a lively place. [from title]",title only
Micronized compost and microbial life in compost,2001,https://new.soilfoodweb.com/publication/micronized-compost-and-microbial-life-in-compost/,A short column on micronized compost and the microbial life found in compost. [from title],title only
"Effect of cover crops and tillage system on symphylan (Symphyla: Scutigerella immaculata, Newport) and Pergamasus quisquiliarum Canestrini (Acari: Mesostigmata) populations",2002,https://doi.org/10.1016/S0929-1393(02)00039-2,"Looks at how cover crops and tillage affect numbers of garden symphylans, a crop pest, and a predatory mite in the soil. [from title]",title only
Wildlife and the remediation of contaminated soils: Extending the analysis of ecological risks to habitat restoration,2002,https://new.soilfoodweb.com/publication/wildlife-and-the-remediation-of-contaminated-soils-extending-the-analysis-of-ecological-risks-to-habitat-restoration/,A handbook chapter on extending ecological risk assessment of contaminated soils to habitat restoration for wildlife. [from title],title only
Effects of compost amended container media on ornamental plant growth,2004,https://new.soilfoodweb.com/publication/effects-of-compost-amended-container-media-on-ornamental-plant-growth/,"Compost replacing peat in container mixes grew ornamental plants as well as or better than the standard mix, and the choice of compost ingredients shaped its chemistry.",https://openalex.org/W1911286122
The soil foodweb: Its role in ecosystem health,2004,https://new.soilfoodweb.com/publication/the-soil-foodweb-its-role-in-ecosystem-health/,A short piece on the soil food web and its role in keeping ecosystems healthy. [from title],title only
The soil foodweb: soil and composts as living ecosystems,2004,https://new.soilfoodweb.com/publication/the-soil-foodweb-soil-and-composts-as-living-ecosystems/,A conference paper presenting soil and compost as living ecosystems built on the soil food web. [from title],title only
"Comparison of soil biota between organic and conventional agroecosystems in Oregon, USA",2005,https://new.soilfoodweb.com/publication/comparison-of-soil-biota-between-organic-and-conventional-agroecosystems-in-oregon-usa/,Compares the soil organisms found on organic and conventional farms in Oregon. [from title],title only
A comparison of soil food webs beneath C3- and C4-dominated grasslands,2008,https://doi.org/10.1007/s00374-008-0312-4,Compares the soil food webs under grasslands dominated by two different types of grasses. [from title],title only
Soil life in reconstructed ecosystems: initial soil food web responses after rebuilding a forest soil profile for a climate change experiment,2010,https://www.sciencedirect.com/science/article/abs/pii/S0929139310000119,Follows how the soil food web responded at first after a forest soil profile was rebuilt for a climate change experiment. [from title],title only
Differences in milk characteristics between a cow herd transitioning to organic versus milk from a conventional dairy herd,2015,https://doi.org/10.1111/1471-0307.12255,"Following a dairy herd moving to organic management, the milk's fatty acid profile shifted once the cows settled into an organic diet, compared with a neighbouring conventional herd.",https://openalex.org/W1896063945
Case study: Comparison of milk composition from adjacent organic and conventional farms in the USA,2016,https://doi.org/10.1111/1471-0307.12284,Milk from an organic grazing dairy had more conjugated linoleic acid and omega-3 fat in the grazing season than milk from a neighbouring confined conventional herd.,https://openalex.org/W2206715478
"Study finds fungi, not plant matter, responsible for most carbon sequestration in northern forests",2013,https://new.soilfoodweb.com/publication/study-finds-fungi-not-plant-matter-responsible-for-most-carbon-sequestration-in-northern-forests/,"A news article on research suggesting that fungi, more than plant matter, are responsible for most carbon storage in northern forests. [from title]",title only
Carbon sequestration: The climate change solution that virtually all climate activists ignore,2015,https://new.soilfoodweb.com/publication/carbon-sequestration-the-climate-change-solution-that-virtually-all-climate-activists-ignore/,An opinion piece arguing that storing carbon in soil is an overlooked answer to climate change. [from title],title only
Researchers propose ecological route to plant disease control,2015,https://new.soilfoodweb.com/publication/researchers-propose-ecological-route-to-plant-disease-control/,"A news article on researchers proposing ecological, rather than chemical, ways to control plant disease. [from title]",title only
Compost could be worth double or triple of current price only if…,2018,https://new.soilfoodweb.com/publication/compost-could-be-worth-double-or-triple-of-current-price-only-if/,An article on what would need to change for compost to be valued at a higher price. [from title],title only
Predatory earwigs are attracted by herbivore-induced plant volatiles linked with plant growth-promoting rhizobacteria,2021,https://new.soilfoodweb.com/publication/predatory-earwigs-are-attracted-by-herbivore-induced-plant-volatiles-linked-with-plant-growth-promoting-rhizobacteria/,"Predatory earwigs were drawn most to plants that had both beneficial root bacteria and caterpillar damage, showing how soil microbes can help call in natural pest enemies.",https://openalex.org/W3021169401
The control of diseases on lettuce by the use of antagonistic organisms. 1. The control of Botrytis cinerea Pers.,1951,https://doi.org/10.1111/j.1744-7348.1951.tb07797.x,"An early study showing that selected bacteria, actinomycetes and fungi sprayed onto lettuce could protect leaves and young plants from grey mould rot.",https://openalex.org/W2072736661
Litter decomposition under snow cover in a balsam fir forest,1990,https://doi.org/10.1139/b90-016,"Measures how fir needles, birch leaves, lichens and twigs keep breaking down under deep winter snow, with decomposers active well before spring melt.",https://openalex.org/W1975702690
Biological nitrogen fixation for sustainable agriculture: A perspective,1992,https://doi.org/10.1007/BF00011307,Reviews the role biological nitrogen fixation can play in sustainable farming. [from title],title only
Compost and compost water extract-induced systemic acquired resistance in cucumber and Arabidopsis,1998,https://doi.org/10.1094/PHYTO.1998.88.5.450,"A disease-suppressive compost mix, and water extracts made from it, switched on whole-plant defences in cucumber and Arabidopsis, and the effect came from living organisms in the compost.",https://openalex.org/W2017813532
Trophic relationships in the soil microfood-web: Predicting the responses to a changing global environment,1998,https://doi.org/10.1046/j.1365-2486.1998.00206.x,"Reviews how predators and food supply regulate the soil food web, and how rising carbon dioxide, land use and plant changes may ripple through soil life.",https://openalex.org/W2144177084
Heavy metals bioremediation of soil,1999,https://doi.org/10.1385/MB:12:2:149,Reviews ways of using living organisms to clean heavy metals out of soil. [from title],title only
In situ and in vitro suppressive effect of agricultural composts and their water extracts on some phytopathogenic fungi,2002,https://doi.org/10.1023/A:1016302729218,Tests how well farm composts and their water extracts hold back several plant disease fungi in the field and in the lab. [from title],title only
Top-down is bottom-up: Does predation in the rhizosphere regulate aboveground dynamics?,2003,https://doi.org/10.1890/0012-9658(2003)084%5B0846:TIBDPI%5D2.0.CO;2,"Argues that predators feeding around plant roots release nutrients that drive plant growth, so the whole pattern of root-zone feeding links life below and above ground.",https://openalex.org/W1982139427
Compost tea as a container medium drench for suppressing seedling damping-off caused by Pythium ultimum,2004,https://doi.org/10.1094/PHYTO.2004.94.11.1156,Compares ways of brewing compost tea for preventing damping-off in cucumber seedlings; aerated tea made with kelp and humic acid gave the most consistent protection.,https://openalex.org/W1972821982
Microbial growth under the snow: Implications for nutrient and allelochemical availability in temperate soils,2004,https://new.soilfoodweb.com/publication/microbial-growth-under-the-snow-implications-for-nutrient-and-allelochemical-availability-in-temperate-soils/,Discusses how microbes keep growing under snow and what that means for nutrients in temperate soils. [from title],title only
Bioremediation potential of spirulina: toxicity and biosorption studies of lead,2005,https://doi.org/10.1631/jzus.2005.B0171,"Lab tests show live spirulina, a blue-green alga, can soak up low levels of lead from wastewater very quickly.",https://openalex.org/W2182674653
"Uptake of lead by a ciliate, Stylonychia mytilus, isolated from industrial effluents: Potential use in bioremediation of wastewater",2005,https://doi.org/10.1007/s00128-005-0751-7,"Shows a ciliate protozoan from industrial wastewater can take up lead, pointing to a possible use in cleaning wastewater. [from title]",title only
Foliar spraying of vermicompost extracts: effects on fruit quality and indications of late-blight suppression of field-grown tomatoes,2006,https://orgprints.org/id/eprint/10450/,"Spraying vermicompost extracts on field tomatoes left yields unchanged, and half as many sprayed plants showed clear signs of late blight infection.",https://openalex.org/W2080641690
In vitro and in vivo evaluation of individually compost fungi for potato fusarium dry rot biocontrol,2006,https://doi.org/10.3923/jbs.2006.572.580,Eight heat-tolerant fungi taken from compost extracts held back several Fusarium species in the lab and reduced dry rot on treated potato tubers.,https://doi.org/10.3923/jbs.2006.572.580
Suppression of Phytophthora infestans in potatoes by foliar application of food nutrients and compost tea,2007,https://new.soilfoodweb.com/publication/suppression-of-phytophthora-infestans-in-potatoes-by-foliar-application-of-food-nutrients-and-compost-tea/,Tests foliar sprays of food nutrients and compost tea against late blight in potatoes. [from title],title only
"Aerobic compost tea, compost and a combination of both reduce the severity of common scab (Streptomyces scabiei) on potato tubers",2008,https://doi.org/10.3923/jps.2008.168.175,"In a New Brunswick potato field, compost, compost tea and both together cut common scab on tubers, and the tea treatments gave higher yields.",https://doi.org/10.3923/jps.2008.168.175
Chitin signaling in plants: Insights into the perception of fungal pathogens and rhizobacterial symbionts,2008,https://doi.org/10.1105/tpc.108.058784,"Explains how plants recognise chitin from fungal cell walls to trigger their defences, and how this same signal system relates to helpful root bacteria.",https://openalex.org/W2074682893
Effect of bacterial isolates obtained from animal manure compost extracts on the development of Fusarium oxysporum f. sp. radicis-lycopersici,2008,https://doi.org/10.3923/ajppaj.2008.15.23,Several bacteria isolated from manure compost extracts held back a tomato crown and root rot fungus in the lab and reduced the disease on seedlings.,https://doi.org/10.3923/ajppaj.2008.15.23
In vitro studies on control of soil-borne plant pathogens by earthworm Eudrilus eugeniae exudates,2008,https://new.soilfoodweb.com/publication/in-vitro-studies-on-control-of-soil-borne-plant-pathogens-by-earthworm-eudrilus-eugeniae-exudates/,Lab study testing whether fluids from an earthworm species hold back soil-borne plant disease organisms. [from title],title only
Relative effects of biological amendments and crop rotations on soil microbial communities and soilborne diseases of potato,2008,https://www.sciencedirect.com/science/article/abs/pii/S0038071707001101,Compares biological amendments and crop rotations for their effects on soil microbes and soil-borne potato diseases. [from title],title only
Bio-potential of compost tea from agro-waste to suppress Choanephora cucurbitarum L. the causal pathogen of wet rot of okra,2009,https://doi.org/10.1016/j.biocontrol.2008.11.008,Tests compost tea made from farm waste against the fungus that causes wet rot of okra. [from title],title only
Control of powdery mildew (Erysiphe polygoni) in tomato by foliar applications of compost tea,2009,https://new.soilfoodweb.com/publication/control-of-powdery-mildew-erysiphe-polygoni-in-tomato-by-foliar-applications-of-compost-tea/,Tests foliar sprays of compost tea for controlling powdery mildew on tomatoes. [from title],title only
Potential application of compost teas of agricultural wastes in the control of the mushroom pathogen Verticillium fungicola,2009,https://doi.org/10.1007/BF03356322,Looks at compost teas from farm waste as a way to control a fungal disease of cultivated mushrooms. [from title],title only
"Vermicompost extracts influence growth, mineral nutrients, phytonutrients and antioxidant activity in pak choi (Brassica rapa cv. Bonsai, Chinensis group) grown under vermicompost and chemical fertiliser",2009,https://doi.org/10.1002/jsfa.3732,"All the vermicompost teas tested boosted pak choi growth and mineral content, mostly through nitrogen, and aeration or additives made little difference to the result.",https://openalex.org/W2169324788
Biocontrol activity and induction of systemic resistance in pepper by compost water extracts against Phytophthora capsici,2010,https://doi.org/10.1094/PHYTO-100-8-0774,"Water extracts from some commercial composts held back Phytophthora on peppers, both by acting on the pathogen and by switching on the plant's own defences.",https://openalex.org/W2126396822
Evidence for nitrogen-fixation in the Salicaceae family,2011,https://new.soilfoodweb.com/publication/evidence-for-nitrogen-fixation-in-the-salicaceae-family/,A short report on evidence that willows and poplars may host nitrogen fixation. [from title],title only
Phytotoxicity analysis of extracts from compost and their ability to inhibit soil-borne pathogenic fungi and reduce root-knot nematodes,2011,https://doi.org/10.1007/s11274-011-0922-0,Checks compost extracts for harm to plants and for their ability to hold back soil-borne fungi and root-knot nematodes. [from title],title only
Biochemical properties of compost tea associated with compost quality and effects on pak choi growth,2012,https://www.sciencedirect.com/science/article/pii/S0304423812004542,"The quality of the starting compost shaped the nutrients, microbial activity and growth substances in compost tea, and therefore how well pak choi grew.",https://openalex.org/W2009328342
Compost and compost tea: Principles and prospects as substrates and soil-borne disease management strategies in soil-less vegetable production,2012,https://new.soilfoodweb.com/publication/compost-and-compost-tea-principles-and-prospects-as-substrates-and-soil-borne-disease-management-strategies-in-soil-less-vegetable-production/,"Reviews how compost and compost tea can replace peat and suppress root diseases in soil-less vegetable growing, and why living microbes seem central to that effect.",https://openalex.org/W2167786678
"Effects and relationships of compost type, aeration and brewing time on compost tea properties, efficacy against Pythium ultimum, phytotoxicity and potential as a nutrient amendment for seedling production",2012,https://doi.org/10.1080/01448765.2012.727667,"Compost type, aeration and brewing time all changed compost tea's microbial and chemical make-up, and teas from both composts tested held back the damping-off fungus Pythium.",https://openalex.org/W2065776407
Humic-like substances from different compost extracts could significantly promote cucumber growth,2012,https://doi.org/10.1016/S1002-0160(12)60067-8,Reports that humus-like substances extracted from different composts promoted cucumber growth. [from title],title only
In vitro and in vivo evaluation of microbial-enriched compost tea on the development of powdery mildew on melon,2012,https://doi.org/10.1007/s10526-012-9454-2,"Tests compost tea enriched with microbes against powdery mildew on melon, in the lab and on plants. [from title]",title only
Microbiological community analysis of vermicompost tea and its influence on the growth of vegetables and cereals,2012,https://doi.org/10.1139/w2012-061,"Analyses the microbes in aerated vermicompost teas and tests them on vegetables and cereals; field yields did not change, though taste tests picked up differences.",https://openalex.org/W1820055572
Characters of compost teas from different sources and their suppressive effect on fungal phytopathogens,2013,https://doi.org/10.1007/s11274-013-1300-x,Compares compost teas made from different sources and how well each holds back fungal plant diseases. [from title],title only
Influence of the nitrogen form on in vitro organogenesis in Equisetum arvense,2013,https://new.soilfoodweb.com/publication/influence-of-the-nitrogen-form-on-in-vitro-organogenesis-in-equisetum-arvense/,"In lab cultures of field horsetail, ammonium nitrogen stopped rhizomes and tubers from forming while nitrate did not, showing that the form of nitrogen matters.",https://openalex.org/W2158090629
"Non-growing season soil CO2 efflux and its changes in an alpine meadow ecosystem of the Qilian Mountains, Northwest China",2013,https://doi.org/10.1007/s40333-013-0179-6,Measures carbon dioxide released from alpine meadow soil outside the growing season in northwest China. [from title],title only
Comparison of seasonal soil microbial process in snow-covered temperate ecosystems of Northern China,2014,https://doi.org/10.1371/journal.pone.0092985,"Across six snow-covered sites in northern China, winter soils held relatively more fungi than in summer and broke down soil carbon faster.",https://openalex.org/W1966697364
Using aerated compost tea in comparison with a chemical pesticide for controlling rose powdery mildew,2014,https://doi.org/10.1080/03235408.2013.817075,"On roses, sprays of aerated compost tea controlled powdery mildew better than the chemical fungicide it was compared with, or no treatment.",https://openalex.org/W2031535710
Winter soil CO2 flux from different mid-latitude sites from Middle Taihang Mountain in North China,2014,https://doi.org/10.1371/journal.pone.0091589,"Soils at three sites in north China kept releasing carbon dioxide through winter, a share of the yearly total that carbon budgets should not ignore.",https://openalex.org/W1983928586
"Altered carbon delivery from roots: rapid, sustained inhibition of border cell dispersal in response to compost water extracts",2015,https://doi.org/10.1007/s11104-014-2350-z,"Finds that compost water extracts change how root tips shed their protective border cells, which alters carbon delivery from roots. [from title]",title only
"Biocontrol activity of endophytic fungus of barley, Microdochium bolleyi, against Gaeumannomyces graminis var. tritici",2018,https://doi.org/10.22043/mi.2019.118205,A fungus that lives inside healthy barley roots slowed take-all disease and boosted root and shoot growth of barley.,https://openalex.org/W2919965756
Overview of engineering problems of soil compaction and their effects on growth and yields of crops,2018,https://new.soilfoodweb.com/publication/overview-of-engineering-problems-of-soil-compaction-and-their-effects-on-growth-and-yields-of-crops/,Reviews the engineering causes of soil compaction and how compaction hurts crop growth and yields. [from title],title only
Fungal-bacterial diversity and microbiome complexity predict ecosystem functioning,2019,https://doi.org/10.1038/s41467-019-12798-y,"Grassland soils with more diverse, better-connected fungi and bacteria carried out more nutrient-cycling functions, showing why a rich soil microbiome matters.",https://openalex.org/W2981774387
