Page,Section (nearest heading),Web file in this repo,Alt text,Rights / what is needed,Bytes
about-elaine,"Dr. Elaine Ingham, 1952 to 2026",img/w/dr-elaine-ingham-with-microscope.jpg,"Dr. Elaine Ingham beside a microscope, looking towards the camera",Owned (SFW archive),204056
about-elaine,Photographs of Dr. Elaine Ingham,img/w/elaine-flower-shirt-microscope.jpg,"Dr. Elaine Ingham at a microscope in a laboratory, working from a screen beside her",Owned (SFW archive),98033
about-elaine,Photographs of Dr. Elaine Ingham,img/w/elaine-and-nematode-extraction.jpg,Dr. Elaine Ingham pouring a sample through a filter while students watch closely,Owned (SFW archive),58965
about-elaine,Photographs of Dr. Elaine Ingham,img/w/elaine-smile-talking.jpg,"Dr. Elaine Ingham seated at an outdoor table in conversation, smiling",Owned (SFW archive),72286
about-elaine,Photographs of Dr. Elaine Ingham,img/w/elaine-with-sample-bag.jpg,"Dr. Elaine Ingham outdoors in sunglasses, holding up a soil sample bag",Owned (SFW archive),86932
about-elaine,Photographs of Dr. Elaine Ingham,img/w/copy-of-17.jpg,Dr. Elaine Ingham talking with someone across a table spread with samples,Owned (SFW archive),108459
about-elaine,Photographs of Dr. Elaine Ingham,img/w/copy-of-9.jpg,"Dr. Elaine Ingham outdoors in a blue patterned shirt, looking towards the camera",Owned (SFW archive),154442
about-elaine,Photographs of Dr. Elaine Ingham,img/uploads/elaine-behind-microscope.jpg,Dr. Elaine Ingham behind a microscope,Owned (SFW archive),205509
about-team,The people tending this work,img/w/cy-workshop-8.jpg,Workshop participants and mentors gathered for a group photo under a garden pergola at our workshop in Cyprus,Owned (SFW drive),365310
about-team,Founder,img/w/dr-elaine-ingham-with-microscope.jpg,Dr. Elaine Ingham at a microscope,Owned (SFW archive),204056
about-team,Foundation board,img/w/leslie.jpg,"Leslie W. Lewis, Ph.D.",Team portrait from the staging site. Person to confirm they are happy with it.,41952
about-team,"Leslie W. Lewis, Ph.D.",img/w/eric.jpg,Eric Feiler,Team portrait from the staging site. Person to confirm they are happy with it.,76013
about-team,Eric Feiler,img/w/screenshot-2026-06-16-172957.jpg,Loida Vasquez,Team portrait from the staging site. Person to confirm they are happy with it.,131277
about-team,Loida Vasquez,img/w/jenna.jpg,Jenna Noel,Team portrait from the staging site. Person to confirm they are happy with it.,33405
about-team,North American operations,img/w/evan.jpg,Evan Buckman,Team portrait from the staging site. Person to confirm they are happy with it.,78812
about-team,Evan Buckman,img/w/screenshot-2026-06-16-172957.jpg,Loida Vasquez,Team portrait from the staging site. Person to confirm they are happy with it.,131277
about-team,Dr. Adam Cobb,img/w/carla.jpg,Dr. Carla Ribeiro Machado e Portugal,Team portrait from the staging site. Person to confirm they are happy with it.,46791
about-team,Dr. Carla Ribeiro Machado e Portugal,img/w/casey.jpg,Casey Williams,Team portrait from the staging site. Person to confirm they are happy with it.,75549
about-team,Casey Williams,img/w/wes.jpg,Wesley Sander,Team portrait from the staging site. Person to confirm they are happy with it.,87564
about-team,Wesley Sander,img/w/brian.jpg,Brian Daubenspeck,Team portrait from the staging site. Person to confirm they are happy with it.,87285
about-team,Brian Daubenspeck,img/w/sammie.jpg,Sammie Bass,Team portrait from the staging site. Person to confirm they are happy with it.,132476
about-team,Alex Bright,img/w/delvin.jpg,Delvin Solkinson,Team portrait from the staging site. Person to confirm they are happy with it.,98575
about-team,Delvin Solkinson,img/w/stephanie.jpg,Stephanie McDaniel,Team portrait from the staging site. Person to confirm they are happy with it.,102442
about-team,Dr. Caterina Capri,img/w/aysen.jpg,Ayşen Üstünay,Team portrait from the staging site. Person to confirm they are happy with it.,264192
about-team,Ayşen Üstünay,img/w/alex.jpg,Alex Andreou,Team portrait from the staging site. Person to confirm they are happy with it.,22632
about-team,Yolanda Hadjidemetriou,img/w/elena.jpg,Elena Kalli,Team portrait from the staging site. Person to confirm they are happy with it.,40906
about-team,Latin American operations,img/w/gerald.jpg,Gerald Ramírez,Team portrait from the staging site. Person to confirm they are happy with it.,224214
about-team,Dr. Elina Psara,img/w/dora.jpg,Dora Tkalec,Team portrait from the staging site. Person to confirm they are happy with it.,100198
about-team,Dora Tkalec,img/w/nick.jpg,Nick Padwick,Team portrait from the staging site. Person to confirm they are happy with it.,56408
about-team,Nick Padwick,img/w/ib.jpg,Ib Borup Pedersen,Team portrait from the staging site. Person to confirm they are happy with it.,235250
about-team,Ib Borup Pedersen,img/w/isadora.jpg,Isadora Shmidt,wordpress-only,176041
about-team,Isadora Shmidt,img/w/pranjal.jpg,Pranjal Rajput,Team portrait from the staging site. Person to confirm they are happy with it.,22916
about,In service to the soil that sustains us all,img/w/handling-loose-soil.jpg,"Hands letting dry crumbs of soil fall back to the ground in low sunlight, a green field behind",Canva licence,211615
about,What we do,img/w/ctpfw-student-squeezing-compost-1.jpg,A student in gloves squeezing a handful of compost to test it while a group watches,Owned (SFW archive),169970
about,Teaching &amp; Learning,img/w/soil-sample-close-up-test-tube.jpg,Gloved hands holding a sample tube and a probe over dark soil,Canva licence,177094
about,Pursuing Knowledge,img/w/pile-turning-wes-8-scaled.jpg,Four people in gloves turning a compost pile by hand at a workshop,Owned (SFW archive). Photographer not recorded.,376377
about,Incubating Applied Practice,img/w/carla-nicks-son-nick-eri-wild-soils-event-11-2024.jpg,A group of people laughing as they work together outdoors with brushes and rakes,Owned (SFW archive),51852
about,The people tending this work,img/w/copy-of-9.jpg,"Dr. Elaine Ingham outdoors in a blue patterned shirt, looking towards the camera",Owned (SFW archive),154442
calendar,"Meet the community, in person and online",img/w/ctpfw-student-moving-compost-1.jpg,A student lifting an armful of finished compost at a workshop while a group looks on,Owned (SFW archive),180174
calendar,"Meet the community, in person and online",img/w/pile-turning-wes-8-scaled.jpg,Four people in gloves turning a compost pile by hand at a workshop,Owned (SFW archive). Photographer not recorded.,376377
calendar,"Meet the community, in person and online",img/w/workshop-group-around-compost-pile.jpg,A workshop group of about thirty people gathered around a freshly built compost pile under an open-sided shed,Owned (SFW archive),382434
calendar,"Meet the community, in person and online",img/w/img-1942-scaled.jpg,A workshop group standing together inside a barn,Owned (SFW archive). Photographer not recorded.,313884
calendar,"Meet the community, in person and online",img/w/elaine-ceremonial-compost-group-photo-scaled-1.jpg,A large group in purple shirts gathered outdoors around a sign reading Elaine,Owned (SFW archive). Photographer not recorded.,497090
calendar,Accelerator Workshop India 2026,img/w/screenshot-2025-10-22-212600-800.jpg,Six people standing in a row outside a building during Soil Health Week 2025,Owned (SFW archive). Photographer not recorded.,68489
community,Community,img/uploads/mar-group-photo-2.jpg,Soil Food Web community group photo,Owned (SFW archive),407238
community,Community,img/uploads/mar25-group-photo.jpg,Soil Food Web workshop group photo,Owned (SFW archive),353818
community,Community,img/wild-ken-hill/IMG_1493.jpg,"Workshop participants with their compost piles at Wild Ken Hill, June 2026",Owned (SFW archive),491416
community,Accelerator Workshop at Wild Ken Hill,img/wild-ken-hill/IMG_1495.jpg,Workshop participants at Wild Ken Hill,Owned (SFW archive),488247
community,Accelerator Workshop at Wild Ken Hill,img/wild-ken-hill/IMG_1500.jpg,Workshop participants at Wild Ken Hill,Owned (SFW archive),440284
community,A Living Legacy: four webinars in honour of Dr. Elaine,img/w/daniel-tyrkiel-adam-swam-presentation.jpg,"The series graphic: portraits of the eight presenters, Dr. Elaine Ingham, Daniel Tyrkiel, Adam Swan, Vivian Kaloxilos, Todd Harrington, Jo Tobias, Celine Basset and Nick Tomasini, over a vineyard",Owned (SFW archive). Photographer not recorded.,266536
community,Soil Health Week in Karachi and Sindh,img/w/screenshot-2025-10-22-212600.jpg,Six people standing in a row outside a building during Soil Health Week 2025,Owned (SFW archive). Photographer not recorded.,216906
community,Workshop in Costa Rica,img/w/costa-rica-2025-gerald-liquid-amendments.jpg,"Mentor Gerald Ramirez, center, demonstrates how to make liquid amendments at our workshop in Costa Rica, March 2025",Owned (SFW drive),290328
community,Workshop in Costa Rica,img/w/costa-rica-2025-microscopy-students-mentors.jpg,"Students and mentors practice microscopy together at our workshop in Costa Rica, March 2025",Owned (SFW drive),318281
community,Workshop in Costa Rica,img/uploads/mar-group-photo-2.jpg,Group photo from a March 2025 workshop,Owned (SFW archive),407238
community,Workshop in Costa Rica,img/uploads/mar25-group-photo.jpg,Group photo from a March 2025 gathering,Owned (SFW archive),353818
community,The community in your pocket,img/w/cy-workshop-8.jpg,Workshop participants and mentors gathered for a group photo under a garden pergola at our workshop in Cyprus,Owned (SFW drive),365310
community,The community in your pocket,img/w/aug2023-workshop-group-7.jpg,"Workshop graduates holding their certificates of attendance, August 2023",Owned (SFW drive),287536
community,The community in your pocket,img/w/pile-turning-wes-8-scaled.jpg,Four people in gloves turning a compost pile by hand at a workshop,Owned (SFW archive). Photographer not recorded.,376377
community,The community in your pocket,img/w/cy-classes-3.jpg,Classroom session during a community workshop,Owned (SFW archive),294658
community,The community in your pocket,img/w/workshop-group-around-compost-pile.jpg,A workshop group of about thirty people gathered around a freshly built compost pile under an open-sided shed,Owned (SFW archive),382434
community,The community in your pocket,img/w/img-1942-scaled.jpg,A workshop group standing together inside a barn,Owned (SFW archive). Photographer not recorded.,313884
community,The community in your pocket,img/w/cy-classes-4.jpg,Students working together in a workshop classroom,Owned (SFW archive),261660
community,The community in your pocket,img/w/ctpfw-student-moving-compost-1.jpg,A student lifting an armful of finished compost at a workshop while a group looks on,Owned (SFW archive),180174
community,The community in your pocket,img/w/elaine-ceremonial-compost-group-photo-scaled-1.jpg,A large group in purple shirts gathered outdoors around a sign reading Elaine,Owned (SFW archive). Photographer not recorded.,497090
community,The community in your pocket,img/w/ctpfw-student-squeezing-compost-1.jpg,A student in gloves squeezing a handful of compost to test it while a group watches,Owned (SFW archive),169970
community,The community in your pocket,img/w/elaine-flower-shirt-microscope.jpg,"Dr. Elaine Ingham at a microscope in a laboratory, working from a screen beside her",Owned (SFW archive),98033
community,The community in your pocket,img/w/hand-of-compost.jpg,A hand holding a fistful of dark crumbly finished compost over an open sack of it,Canva licence,391528
community,The community in your pocket,img/w/ctpfw-student-squeezing-compost-1.jpg,A student in gloves squeezing a handful of compost to test it while a group watches,Owned (SFW archive),169970
community,The community in your pocket,img/w/elaine-flower-shirt-microscope.jpg,"Dr. Elaine Ingham at a microscope in a laboratory, working from a screen beside her",Owned (SFW archive),98033
community,The community in your pocket,img/w/hand-of-compost.jpg,A hand holding a fistful of dark crumbly finished compost over an open sack of it,Canva licence,391528
community,Soil Health Week in Karachi and Sindh,EMPTY SLOT,,Nick Padwick teaching soil biology at Karachi University. Save the original at public/assets/community/img/soil-health-week-karachi-university.jpg. Evan supplies the file.,
donate,Donate,img/w/2-hands-planting-shrub.jpg,Two hands firming red soil around the base of a newly planted shrub,Canva licence,462212
index,Join a global community of Soil Regenerators,img/w/workshop-group-around-compost-pile.jpg,A workshop group of about thirty people gathered around a freshly built compost pile under an open-sided shed,Owned (SFW archive),382434
index,Join a global community of Soil Regenerators,img/w/carla-nicks-son-nick-eri-wild-soils-event-11-2024.jpg,A group of people laughing as they work together outdoors with brushes and rakes,Owned (SFW archive),51852
index,Join a global community of Soil Regenerators,img/w/ctpfw-student-moving-compost-1.jpg,A student lifting an armful of finished compost while others watch and a hose is played over the pile,Owned (SFW archive),180174
index,Join a global community of Soil Regenerators,img/w/costa-rica-2025-gerald-liquid-amendments.jpg,"Mentor Gerald Ramirez, center, demonstrates how to make liquid amendments at our workshop in Costa Rica, March 2025",Owned (SFW drive),290328
index,Join a global community of Soil Regenerators,img/w/costa-rica-2025-microscopy-students-mentors.jpg,"Students and mentors practice microscopy together at our workshop in Costa Rica, March 2025",Owned (SFW drive),318281
index,Join a global community of Soil Regenerators,img/w/el-nino-2017-tractor-in-mud-w-crew.jpg,A crew digging a tractor out of deep mud under a wide sky,Partner / graduate (permission needed),215621
index,Choose your path,img/w/harringtons-organic-land-care-york-farms-1-768x1024.jpg,A gloved hand holding back a thick mat of crop residue to show dark crumb soil underneath,Partner / graduate (permission needed),181611
index,Farm with biology,img/w/2-hands-planting-shrub.jpg,Two hands firming red soil around the base of a newly planted shrub,Canva licence,462212
index,Restore your land,img/w/ctpfw-student-squeezing-compost-1.jpg,A student in gloves squeezing a handful of compost to test it while a group watches,Owned (SFW archive),169970
index,About the Foundation,img/w/elaine-smile-talking.jpg,Dr. Elaine Ingham smiling while talking with someone at an outdoor event,Owned (SFW archive),72286
index,The Soil Food Web Approach,img/w/soil-sample-close-up-test-tube.jpg,A gloved hand holding a sample tube and a probe over dark soil,Canva licence,177094
index,Observe and assess,img/w/hand-of-compost.jpg,A hand lifting a fistful of dark finished compost above the pile it came from,Canva licence,391528
index,Incubate the biology,img/w/hand-scooping-planter-bed-soil.jpg,A hand lifting a scoop of dark crumbly soil from a planting bed,Canva licence,204259
index,Multiply and apply,img/w/handling-loose-soil.jpg,Hands letting dry crumbs of soil fall back to the ground in low sunlight,Canva licence,211615
index,Programs,img/w/2-dirty-hands.jpg,"Two open palms held out, thickly covered in wet soil",Canva licence,174445
index,Foundation Courses,img/w/test-tubes-with-sample.jpg,"Sample tubes racked in front of a microscope, shallow focus",Owned (SFW archive),134764
index,Advanced Programs,img/w/hand-scooping-planter-bed-soil.jpg,A hand lifting a scoop of dark crumbly soil from a planting bed,Canva licence,204259
index,Permaculture Design Certification,img/w/hvdb-inplanten-002.jpg,A group planting young trees across an open field on a grey day,Unknown,344401
index,Ecosystem Restoration Courses,img/w/ctpfw-student-squeezing-compost-1.jpg,"A student in gloves squeezing a handful of compost to test it, with a group watching",Owned (SFW archive),169970
index,Happening across the community,img/w/pd-cohort-1-launches-800.jpg,"Post graphic: A timely solution for uncertain times, with the Permaculture Design Course mark",Owned (SFW archive). Photographer not recorded.,62314
index,Permaculture Design Certification cohort begins,img/w/2-hands-planting-shrub-800.jpg,Two hands firming red soil around the base of a newly planted shrub,Canva licence,184876
index,Our ecosystem,img/w/cy-workshop-8.jpg,Workshop participants and mentors gathered for a group photo under a garden pergola at our workshop in Cyprus,Owned (SFW drive),365310
learn-scholarships,Scholarships,img/w/ctpfw-student-squeezing-compost-1.jpg,"A student in gloves squeezing a handful of compost to test it, with a group watching",Owned (SFW archive),169970
learn-webinars,Webinars,img/w/test-tubes-with-sample.jpg,"Sample tubes racked in front of a microscope, shallow focus",Owned (SFW archive),134764
learn,Partner with nature's intelligence,img/w/elaine-flower-shirt-microscope.jpg,"A researcher at a microscope in a laboratory, reading from a screen beside her",Owned (SFW archive),98033
learn,Partner with nature's intelligence,img/uploads/loida-teaching-3.jpg,An instructor teaching a class about soil biology,Owned (SFW archive),336299
learn,Partner with nature's intelligence,img/uploads/cy-classes(3).jpg,Students in a soil food web classroom session,Owned (SFW archive),308997
learn,Partner with nature's intelligence,img/w/pile-turning-wes-8-scaled.jpg,Four people in gloves turning a compost pile by hand at a workshop,Owned (SFW archive). Photographer not recorded.,376377
learn,Partner with nature's intelligence,img/w/img-1942-scaled.jpg,A workshop group standing together inside a barn,Owned (SFW archive). Photographer not recorded.,313884
learn,Partner with nature's intelligence,img/uploads/cy-classes(4).jpg,Hands-on learning in a soil biology workshop,Owned (SFW archive),274407
news,Dispatches from the living soil,img/w/carla-nicks-son-nick-eri-wild-soils-event-11-2024.jpg,A group of people laughing as they work together outdoors with brushes and rakes,Owned (SFW archive),51852
news,All posts,img/w/elaine-flower-shirt-microscope-800.jpg,,Owned (SFW archive),77326
news,Learning to see: what is your soil test really telling you?,img/w/copy-of-17-800.jpg,,Owned (SFW archive),38307
news,A brief history of the fungi-to-bacteria ratio,img/w/how-a-rare-microscope-sighting-1400x1400-1-800.jpg,Post graphic over a microscope image of soil life: How a Soil Food Web education helps gardeners solve crop issues,Owned (SFW archive). Photographer not recorded.,64803
news,"Ciliates, cysts and the clues in a struggling watermelon crop",img/w/pd-cohort-1-launches-800.jpg,"Post graphic: A timely solution for uncertain times, with the Permaculture Design Course mark",Owned (SFW archive). Photographer not recorded.,62314
news,The School launches its first Permaculture Design Certificate course,img/w/2-hands-clasped-holding-plant-roots-800.jpg,,Canva licence,98916
news,Advanced Programs are reopening,img/w/elaine-ceremonial-compost-group-photo-scaled-1-800.jpg,A large group in purple shirts gathered outdoors around a sign reading Elaine,Owned (SFW archive). Photographer not recorded.,131993
practice,Practice,img/w/red-soil-hand.jpg,"An open palm resting on deep red soil, the same soil caught in the creases of the fingers",Canva licence,344522
practice,Case studies and results,img/harringtons-organic-land-care-brick-york-farms-2-768x1024.jpg,Harrington's Organic Land Care work at York Farms,Partner / graduate (permission needed),208425
practice,Case studies and results,img/harringtons-organic-land-care-brick-york-farms-3-768x1024.jpg,Harrington's Organic Land Care field work at York Farms,Partner / graduate (permission needed),186197
practice,Case studies and results,img/harringtons-organic-land-care-brick-york-farms-4-768x1024.jpg,Harrington's Organic Land Care soil work at York Farms,Partner / graduate (permission needed),285646
research,The research behind living soil,img/w/soil-sample-shovel-and-bag.jpg,Gloved hands easing a trowel of red soil into a sample bag,Canva licence,256934
science,How the soil food web works,img/w/fungal-spores-in-suspension.jpg,A brightfield microscope view of a pale green field scattered with dark spores and debris,Owned (SFW archive),271628
science,How the soil food web works,img/uploads/testate-amoeba-40x.jpg,"Testate amoeba encysting, seen at 40x magnification, by Joy Kaluf",Partner / graduate (permission needed),205572
science,The organisms in your soil,img/uploads/1.png,"Testate amoeba, microscopy cutout",Partner / graduate (permission needed),153736
science,The organisms in your soil,img/uploads/2.png,"Amoeba, microscopy cutout",Partner / graduate (permission needed),363762
science,The organisms in your soil,img/uploads/3.png,"Ciliate protozoan, microscopy cutout",Partner / graduate (permission needed),505462
science,The organisms in your soil,img/uploads/4.png,Protozoa under the microscope,Partner / graduate (permission needed),479692
science,The organisms in your soil,img/uploads/5.png,"Nematode, microscopy cutout",Partner / graduate (permission needed),179963
science,The organisms in your soil,img/uploads/6.png,"Nematode coiled, microscopy cutout",Partner / graduate (permission needed),439673
science,The organisms in your soil,img/uploads/7.png,"Nematode, microscopy cutout",Partner / graduate (permission needed),242513
volunteer,Volunteer with us,img/w/ctpfw-student-moving-compost-1.jpg,"Students building a compost pile under an open shelter, one hosing it down while another lifts a forkful of dark fibrous material",Owned (SFW archive),180174
volunteer,Volunteer with us,img/w/fungal-spores-in-suspension.jpg,"A brightfield microscope view of a soil sample, dense with round spores and short bacterial rods against a pale green field",Owned (SFW archive),271628
volunteer,Volunteer with us,img/w/gloved-hands-red-bucket-mulch.jpg,"Two orange-gloved hands lifting wood-chip mulch out of a red bucket, seen from above",Canva licence,348846
volunteer,Volunteer with us,img/w/workshop-group-around-compost-pile.jpg,A workshop group of about thirty people gathered around a freshly built compost pile under an open-sided shed,Owned (SFW archive),382434
volunteer,Volunteer with us,img/w/hand-of-compost.jpg,A hand holding a fistful of dark crumbly finished compost over an open sack of it,Canva licence,391528
volunteer,Volunteer with us,img/w/sfw-amoeba-still-wide.jpg,,Owned (SFW archive),112409
volunteer,Share microscope footage with the community,img/cutout-placeholder.svg,,Placeholder graphic. Needs the real cutout.,8332
volunteer,Questions people ask first,img/uploads/1.png,"Testate amoeba, microscopy cutout",Partner / graduate (permission needed),153736
volunteer,Questions people ask first,img/uploads/2.png,"Amoeba, microscopy cutout",Partner / graduate (permission needed),363762
volunteer,Questions people ask first,img/uploads/3.png,"Ciliate protozoan, microscopy cutout",Partner / graduate (permission needed),505462
volunteer,Questions people ask first,img/uploads/4.png,Protozoa under the microscope,Partner / graduate (permission needed),479692
volunteer,Questions people ask first,img/uploads/5.png,"Nematode, microscopy cutout",Partner / graduate (permission needed),179963
volunteer,Questions people ask first,img/uploads/6.png,"Nematode coiled, microscopy cutout",Partner / graduate (permission needed),439673
volunteer,Questions people ask first,img/uploads/7.png,"Nematode, microscopy cutout",Partner / graduate (permission needed),242513
volunteer,Something else,EMPTY SLOT,,"Flatbed scan of a real volunteer field notebook page or completed data sheet, 300 dpi, with the volunteer's permission and their name removed unless they want it shown. See docs/volunteer-visuals.md, visual 10.",
volunteer,On Instagram,EMPTY SLOT,,Instagram photograph tagged by a grower. Permission needed from the poster before it appears here.,
volunteer,On Instagram,EMPTY SLOT,,Instagram photograph tagged by a grower. Permission needed from the poster.,
volunteer,On Instagram,EMPTY SLOT,,Instagram photograph tagged by a grower. Permission needed from the poster.,
volunteer,On Instagram,EMPTY SLOT,,Instagram photograph tagged by a grower. Permission needed from the poster.,
volunteer,On Instagram,EMPTY SLOT,,Instagram photograph tagged by a grower. Permission needed from the poster.,
volunteer,On Instagram,EMPTY SLOT,,Instagram photograph tagged by a grower. Permission needed from the poster.,
volunteer,Shorts on YouTube,EMPTY SLOT,,"Still from the 60 second compost pile Short. See docs/volunteer-visuals.md, visual 6.",
volunteer,Shorts on YouTube,EMPTY SLOT,,"Still from the microscopy Short, fungi at 400x. Foundation's own footage.",
volunteer,Shorts on YouTube,EMPTY SLOT,,"Still from the year one against year three Short. Needs the grower's name, place and both dates.",
volunteer,Shorts on YouTube,EMPTY SLOT,,"Before: the field in year one, from a marked, repeatable camera position. Needs the grower's name, the place and the date.",
volunteer,Shorts on YouTube,EMPTY SLOT,,"After: the same field in year three, same camera position, same season. Needs the same grower's name, place and date.",
